id,overall_qual,year_built,year_remod/add,mas_vnr_area,exter_qual,bsmtfin_sf_1,total_bsmt_sf,1st_flr_sf,gr_liv_area,full_bath,kitchen_qual,totrms_abvgrd,fireplaces,garage_cars,garage_area,lifespan,foundation_BrkTil,foundation_CBlock,foundation_PConc,foundation_Slab,foundation_Stone,foundation_Wood,mas_vnr_type_BrkCmn,mas_vnr_type_BrkFace,mas_vnr_type_None,mas_vnr_type_Stone
2658,6,1910,1950,0.0,1,0,1020,908,1928,2,0.0,9,0,1,440,96,0,0,0,0,1,0,0,0,1,0
2718,5,1977,1977,0.0,1,0,1967,1967,1967,2,1.0,10,0,2,580,29,0,1,0,0,0,0,0,0,1,0
2414,7,2006,2006,0.0,2,554,654,664,1496,2,2.0,7,1,2,426,0,0,0,1,0,0,0,0,0,1,0
1989,5,1923,2006,0.0,2,0,968,968,968,1,1.0,5,0,2,480,84,0,1,0,0,0,0,0,0,1,0
625,6,1963,1963,247.0,1,609,1394,1394,1394,1,1.0,6,2,2,514,46,0,1,0,0,0,0,0,1,0,0
333,4,1972,1972,0.0,1,294,546,546,1092,1,1.0,5,0,1,286,38,0,1,0,0,0,0,0,0,1,0
1327,4,1958,2006,0.0,1,0,869,1093,1093,1,1.0,5,0,1,308,50,0,1,0,0,0,0,0,0,1,0
858,5,1977,1989,0.0,1,196,1268,1268,1268,1,2.0,5,0,1,252,32,0,1,0,0,0,0,0,0,1,0
95,7,2004,2004,0.0,2,0,840,840,1680,2,2.0,3,0,2,588,6,0,0,1,0,0,0,0,0,1,0
1568,6,1977,1977,0.0,1,641,1196,1279,1279,2,1.0,6,2,2,473,31,0,1,0,0,0,0,0,0,1,0
2482,6,1991,1991,0.0,2,278,1217,1217,1217,2,2.0,5,0,2,484,15,0,0,1,0,0,0,0,0,1,0
1364,6,1925,1992,0.0,1,0,1040,1040,1040,1,1.0,5,0,2,320,83,0,1,0,0,0,0,0,0,1,0
2584,6,1954,1954,0.0,1,0,1367,1375,1375,1,1.0,5,1,2,451,52,0,1,0,0,0,0,0,0,1,0
818,7,2000,2000,23.0,1,820,1168,1168,2787,4,1.0,8,2,4,820,9,0,0,1,0,0,0,0,1,0,0
2673,6,1924,1996,0.0,1,0,848,1017,1827,1,1.0,9,1,1,240,82,1,0,0,0,0,0,0,0,1,0
2089,5,1957,2006,98.0,1,0,0,1340,1340,1,1.0,7,1,1,252,50,0,0,1,0,0,0,0,1,0,0
1297,6,1940,1950,0.0,1,590,884,884,1436,2,1.0,8,2,2,828,68,0,1,0,0,0,0,0,0,1,0
790,5,1956,1956,0.0,1,257,1073,1073,1073,1,1.0,5,0,1,340,53,0,1,0,0,0,0,0,0,1,0
2616,6,1961,1992,104.0,1,913,1313,1773,1773,2,1.0,6,2,2,418,45,0,1,0,0,0,0,0,1,0,0
720,8,1882,1986,0.0,2,216,916,916,1742,1,2.0,8,1,2,424,127,1,0,0,0,0,0,0,0,1,0
222,5,1968,2001,0.0,1,188,1060,1060,1060,1,2.0,6,1,1,270,42,0,1,0,0,0,0,0,0,1,0
557,5,1961,1961,0.0,1,660,864,864,864,1,1.0,5,0,2,732,48,0,1,0,0,0,0,0,0,1,0
1148,6,1993,1994,0.0,2,165,1604,1617,1617,2,2.0,5,1,2,533,15,0,0,1,0,0,0,0,0,1,0
2766,6,1969,1969,0.0,1,938,938,988,988,1,1.0,4,2,2,540,37,0,1,0,0,0,0,0,0,1,0
534,7,2007,2007,0.0,2,0,1218,1218,1218,1,2.0,6,0,2,576,2,0,0,1,0,0,0,0,0,1,0
1452,5,1972,1972,0.0,1,390,864,864,864,1,1.0,5,0,1,352,36,0,1,0,0,0,0,0,0,1,0
630,4,1920,2007,0.0,1,0,715,1281,1738,2,1.0,7,1,1,368,89,1,0,0,0,0,0,0,0,1,0
2648,5,1880,1991,0.0,1,0,636,1089,1750,1,3.0,8,0,1,240,126,1,0,0,0,0,0,0,0,1,0
125,6,1963,1963,156.0,1,763,936,1054,1054,1,2.0,6,0,2,480,47,0,0,1,0,0,0,0,1,0,0
1904,3,1945,1950,0.0,1,144,370,442,670,1,0.0,4,0,0,0,62,0,1,0,0,0,0,0,0,1,0
1670,4,1971,1971,0.0,1,322,858,858,858,1,1.0,4,0,1,684,36,0,1,0,0,0,0,0,0,1,0
756,4,1925,1950,0.0,1,152,780,848,1208,1,1.0,5,0,2,539,84,0,1,0,0,0,0,0,0,1,0
717,7,1880,2003,0.0,2,0,1240,1320,2640,1,2.0,8,1,4,864,129,0,0,0,0,1,0,0,0,1,0
1032,5,1973,2000,0.0,1,1084,1176,1178,1178,1,2.0,5,1,2,439,35,0,1,0,0,0,0,0,0,1,0
852,7,2001,2001,180.0,2,24,1492,1492,1492,2,2.0,6,1,2,608,8,0,0,1,0,0,0,0,1,0,0
1731,7,2006,2007,44.0,1,0,608,608,1458,2,2.0,6,0,2,454,1,0,0,1,0,0,0,0,0,0,1
2639,4,1920,1980,0.0,1,284,1147,1147,1657,1,0.0,9,1,1,162,86,0,0,1,0,0,0,0,0,1,0
2071,4,1945,1950,0.0,0,0,0,998,998,1,1.0,5,0,2,460,62,0,0,0,1,0,0,0,0,1,0
1267,5,1953,1996,0.0,2,0,105,910,910,1,2.0,5,0,2,414,55,0,0,0,0,1,0,0,0,1,0
1851,7,1999,2000,0.0,2,0,1339,1358,1358,2,2.0,5,0,2,625,8,0,0,1,0,0,0,0,0,1,0
567,6,2009,2009,76.0,2,0,612,612,1224,2,2.0,4,0,2,528,0,0,0,1,0,0,0,0,0,0,1
2439,7,1998,1999,0.0,2,0,930,956,1886,2,2.0,10,1,2,431,8,0,0,1,0,0,0,0,0,1,0
1898,5,1959,2002,0.0,1,405,1063,1327,1327,1,2.0,7,0,2,624,48,0,1,0,0,0,0,0,0,1,0
647,5,1951,2000,70.0,2,650,1008,1363,1363,1,1.0,6,2,1,288,58,0,1,0,0,0,0,1,0,0,0
2256,7,1987,1987,352.0,2,949,1501,1501,1501,2,2.0,5,2,2,512,20,1,0,0,0,0,0,0,1,0,0
979,4,1970,2008,0.0,1,0,546,798,1344,1,1.0,6,1,0,0,39,0,1,0,0,0,0,0,0,1,0
1444,7,2001,2002,162.0,2,486,920,920,1786,2,2.0,6,1,2,608,7,0,0,1,0,0,0,0,1,0,0
2485,5,1965,1965,0.0,1,641,828,965,965,1,1.0,6,0,1,300,41,0,1,0,0,0,0,0,0,1,0
157,5,1956,2000,0.0,1,248,936,936,936,1,1.0,4,0,1,308,54,0,1,0,0,0,0,0,0,1,0
88,5,1963,1963,0.0,1,824,1040,1040,1040,1,1.0,5,0,1,308,47,0,1,0,0,0,0,0,0,1,0
2003,5,1930,1950,0.0,1,324,912,912,1248,1,1.0,6,0,1,160,77,0,1,0,0,0,0,0,0,1,0
186,8,1890,2002,0.0,2,0,346,1157,2268,3,2.0,7,0,2,624,120,0,0,0,0,1,0,0,0,1,0
1425,8,2007,2007,156.0,2,0,1615,1615,1615,2,2.0,7,1,3,864,1,0,0,1,0,0,0,0,0,0,1
2695,5,1938,1995,0.0,1,0,803,803,1360,1,2.0,6,0,1,297,68,0,1,0,0,0,0,0,0,1,0
738,5,1924,1950,444.0,1,220,468,822,1142,1,1.0,6,0,1,320,85,1,0,0,0,0,0,0,1,0,0
395,6,1969,2005,0.0,1,439,1026,1026,1026,1,2.0,5,0,2,440,40,0,1,0,0,0,0,0,0,1,0
1353,7,1925,1950,0.0,1,329,1026,1133,1820,2,1.0,8,0,1,240,83,0,0,1,0,0,0,0,0,1,0
1878,5,1958,1983,0.0,1,457,1024,1344,1344,1,1.0,6,1,1,484,49,0,1,0,0,0,0,0,0,1,0
390,7,1975,1975,0.0,1,636,1176,1193,1193,2,1.0,5,1,2,506,34,0,1,0,0,0,0,0,0,1,0
1456,7,2000,2000,0.0,2,735,992,992,1865,2,2.0,7,1,3,839,8,0,0,1,0,0,0,0,0,1,0
1103,8,1998,1998,495.0,2,1660,1982,2006,2006,2,2.0,5,1,3,938,10,0,0,1,0,0,0,0,1,0,0
1387,5,1920,1950,0.0,1,1300,1300,1140,1140,1,1.0,6,0,2,400,88,0,0,1,0,0,0,0,0,1,0
2070,5,1958,1998,340.0,1,190,1158,1176,1176,1,1.0,6,2,1,303,49,0,1,0,0,0,0,0,1,0,0
1199,7,1971,1971,0.0,1,583,825,845,1670,1,1.0,7,0,2,464,37,0,1,0,0,0,0,0,0,1,0
2479,6,1992,1992,0.0,2,387,761,810,1603,2,2.0,7,0,2,484,14,0,0,1,0,0,0,0,0,1,0
501,8,1994,1995,634.0,2,236,2024,2063,2063,2,2.0,7,2,3,815,15,0,0,1,0,0,0,0,1,0,0
2362,4,1971,1971,0.0,1,614,858,858,858,1,1.0,5,0,0,0,35,0,1,0,0,0,0,0,0,1,0
1718,6,2005,2006,182.0,2,1030,1302,1302,1302,1,2.0,5,1,2,631,2,0,0,1,0,0,0,0,0,0,1
2188,3,1931,2006,0.0,1,544,544,774,774,1,2.0,6,0,0,0,76,1,0,0,0,0,0,0,0,1,0
1483,6,2004,2004,147.0,2,697,848,848,848,1,2.0,3,1,2,420,4,0,0,1,0,0,0,0,1,0,0
2557,4,1926,1953,108.0,1,0,600,747,747,1,1.0,5,0,2,528,80,0,0,1,0,0,0,0,1,0,0
437,8,2007,2007,20.0,2,1230,1508,1508,2520,2,3.0,10,1,3,640,2,0,0,1,0,0,0,0,0,0,1
2224,6,1960,1960,423.0,1,540,1560,1560,1560,1,1.0,6,3,2,580,47,0,1,0,0,0,0,0,1,0,0
1628,7,1991,1992,76.0,2,0,384,802,1472,2,2.0,7,1,2,402,16,0,0,1,0,0,0,0,1,0,0
397,5,1971,1971,178.0,1,500,1043,1050,1050,1,1.0,6,0,1,336,38,0,1,0,0,0,0,0,1,0,0
587,6,1967,1976,359.0,1,528,1680,1724,1724,1,1.0,7,1,2,480,42,0,1,0,0,0,0,0,1,0,0
971,5,1960,2006,75.0,1,0,0,1771,1771,1,1.0,9,1,2,336,49,0,0,0,1,0,0,0,1,0,0
2611,6,1962,1985,161.0,1,701,1135,1207,1207,1,1.0,6,0,1,264,44,0,1,0,0,0,0,1,0,0,0
1887,5,1959,1959,0.0,1,0,0,882,882,1,1.0,5,0,1,294,48,0,0,0,1,0,0,0,0,1,0
2399,9,2004,2005,674.0,3,1383,1780,1780,1780,2,3.0,7,1,3,816,2,0,0,1,0,0,0,0,1,0,0
2148,7,2002,2002,100.0,2,0,1459,1459,1459,2,2.0,6,1,2,527,5,0,0,1,0,0,0,0,1,0,0
304,6,1921,1975,0.0,1,308,629,727,1107,1,1.0,5,0,1,625,89,1,0,0,0,0,0,0,0,1,0
1997,5,1930,2005,0.0,1,316,687,687,1358,1,2.0,6,1,1,336,77,1,0,0,0,0,0,0,0,1,0
2817,4,1910,2000,0.0,1,173,676,760,1436,2,1.0,6,0,2,528,96,0,1,0,0,0,0,0,0,1,0
1431,6,1997,1997,0.0,1,462,616,616,1688,2,2.0,8,0,2,603,11,0,0,1,0,0,0,0,0,1,0
427,8,2008,2009,306.0,3,0,2042,2042,2042,2,3.0,8,1,3,1390,1,0,0,1,0,0,0,0,1,0,0
263,5,1972,1972,0.0,1,480,876,876,876,1,1.0,5,0,2,484,38,0,1,0,0,0,0,0,0,1,0
598,6,1971,1971,509.0,1,962,1232,1320,1320,2,1.0,5,1,2,495,38,0,1,0,0,0,0,0,1,0,0
2895,8,1981,1981,653.0,2,0,1686,1707,1707,2,1.0,6,1,2,511,25,0,1,0,0,0,0,0,1,0,0
687,6,1948,1994,0.0,1,120,864,1064,1495,1,1.0,6,0,2,576,61,0,1,0,0,0,0,0,0,1,0
1822,5,1962,2001,0.0,1,588,999,999,999,1,2.0,6,0,1,264,45,0,1,0,0,0,0,0,0,1,0
2191,4,1910,2000,0.0,1,0,560,796,1346,1,1.0,6,0,1,384,97,0,1,0,0,0,0,0,0,1,0
179,6,1938,2000,0.0,1,0,827,827,1251,1,0.0,6,0,1,240,72,0,0,1,0,0,0,0,0,1,0
1009,8,1988,1989,0.0,2,767,1228,1228,1228,2,2.0,5,1,2,472,20,0,0,1,0,0,0,0,0,1,0
2010,5,1939,1998,0.0,1,306,728,728,1274,2,1.0,6,0,1,224,68,0,1,0,0,0,0,0,0,1,0
1991,6,1927,1950,0.0,1,196,728,914,1642,1,1.0,9,1,1,374,80,1,0,0,0,0,0,0,0,1,0
1411,5,1956,1956,0.0,1,870,1509,1509,1509,1,2.0,6,1,1,322,52,0,1,0,0,0,0,0,0,1,0
1721,8,2006,2006,108.0,2,24,1554,1554,1554,2,2.0,6,1,2,627,1,0,0,1,0,0,0,0,0,0,1
1144,6,2001,2001,0.0,2,472,827,827,1677,2,2.0,7,0,2,627,7,0,0,1,0,0,0,0,0,1,0
593,8,2001,2001,0.0,2,643,810,810,1665,2,2.0,6,0,2,528,8,0,0,1,0,0,0,0,0,1,0
575,8,1977,2008,450.0,3,1252,1694,1694,1694,2,3.0,5,1,2,642,32,0,1,0,0,0,0,0,1,0,0
1249,6,1957,1957,360.0,1,0,998,1790,1790,2,1.0,6,2,2,540,51,0,1,0,0,0,0,0,1,0,0
1604,5,1984,1985,0.0,1,658,876,923,923,1,1.0,5,0,1,264,24,0,1,0,0,0,0,0,0,1,0
1064,10,2003,2003,680.0,3,2257,2535,2470,2470,1,3.0,7,2,3,789,5,0,0,1,0,0,0,0,0,0,1
1923,6,1957,1957,0.0,1,777,1244,1244,1244,1,1.0,6,2,1,336,50,0,1,0,0,0,0,0,0,1,0
1988,5,1945,1997,0.0,1,329,686,866,866,1,2.0,4,0,0,0,62,0,1,0,0,0,0,0,0,1,0
2325,6,1993,1994,112.0,1,518,697,697,1501,2,2.0,6,1,2,420,13,0,0,1,0,0,0,0,1,0,0
114,6,1978,1978,0.0,1,687,1224,1287,1891,3,1.0,7,1,2,678,32,0,0,1,0,0,0,0,0,1,0
2700,6,1964,1964,0.0,1,0,1921,1921,1921,2,1.0,8,0,2,576,42,0,1,0,0,0,0,0,0,1,0
217,4,1967,1967,72.0,0,704,1832,1832,1832,2,1.0,8,0,0,0,43,0,1,0,0,0,0,0,1,0,0
343,6,1974,1974,440.0,1,844,1434,1434,1434,2,1.0,7,1,2,528,35,0,1,0,0,0,0,0,1,0,0
386,8,2000,2001,0.0,2,0,1058,1058,1874,2,2.0,7,1,2,588,9,0,0,1,0,0,0,0,0,1,0
2005,4,1949,2002,0.0,1,0,0,1382,1382,2,1.0,6,1,1,384,58,0,0,0,1,0,0,0,0,1,0
2908,5,2006,2006,0.0,1,0,1140,1140,1140,1,1.0,6,0,0,0,0,0,0,1,0,0,0,0,0,1,0
1814,7,1998,1998,0.0,2,1443,1482,1494,1494,2,2.0,5,1,2,514,9,0,0,1,0,0,0,0,0,1,0
2446,10,1995,1996,1378.0,2,1387,1930,1831,3627,3,2.0,10,1,3,807,11,0,0,1,0,0,0,0,1,0,0
208,5,1900,1996,0.0,1,0,360,1032,1812,2,2.0,8,1,2,672,110,1,0,0,0,0,0,0,0,1,0
1679,5,1970,1970,304.0,1,0,630,630,1302,2,1.0,6,0,2,440,37,0,1,0,0,0,0,0,1,0,0
822,9,2008,2008,364.0,3,1104,1720,1720,1720,2,3.0,8,1,3,846,1,0,0,1,0,0,0,0,0,0,1
6,6,1998,1998,20.0,1,602,926,926,1604,2,2.0,7,1,2,470,12,0,0,1,0,0,0,0,1,0,0
1781,10,2007,2007,754.0,3,1572,1966,1966,1966,2,3.0,6,1,3,1092,0,0,0,1,0,0,0,0,1,0,0
2397,8,2006,2006,788.0,2,0,1085,1120,1970,2,3.0,8,1,3,753,0,0,0,1,0,0,0,0,0,0,1
2340,9,2005,2005,230.0,2,1191,1714,1714,1714,2,2.0,7,1,2,517,1,0,0,1,0,0,0,0,1,0,0
1618,6,1997,1997,0.0,1,182,794,794,1470,2,1.0,6,0,2,388,10,0,0,1,0,0,0,0,0,1,0
2843,4,1912,1950,0.0,2,0,795,954,2230,1,1.0,10,0,1,440,94,0,0,1,0,0,0,0,0,1,0
1061,9,2005,2005,368.0,2,1249,1414,1414,2331,2,3.0,9,1,3,1003,3,0,0,1,0,0,0,0,1,0,0
2786,5,1972,1972,0.0,1,360,864,864,864,1,1.0,5,0,1,288,34,0,1,0,0,0,0,0,0,1,0
1935,5,1953,2006,0.0,1,643,1008,1008,1008,1,2.0,6,0,1,240,54,0,1,0,0,0,0,0,0,1,0
1341,5,1920,1997,0.0,1,68,565,565,1216,1,1.0,6,1,1,355,88,1,0,0,0,0,0,0,0,1,0
521,9,2007,2008,120.0,2,0,1530,1530,1530,2,2.0,7,1,3,984,2,0,0,1,0,0,0,0,0,0,1
2136,5,1976,1976,113.0,1,502,1015,1025,1025,2,1.0,6,1,2,370,31,0,1,0,0,0,0,0,1,0,0
996,6,1998,1998,0.0,1,828,943,943,1638,2,1.0,7,2,2,472,10,0,0,1,0,0,0,0,0,1,0
227,5,1968,1968,0.0,1,267,720,720,1440,1,1.0,7,2,2,480,42,0,1,0,0,0,0,0,0,1,0
135,6,1966,2008,216.0,1,944,1080,1128,1128,1,2.0,5,1,1,315,44,0,1,0,0,0,0,0,1,0,0
1167,6,1999,1999,216.0,1,550,744,757,1549,2,1.0,6,0,2,440,9,0,0,1,0,0,0,0,0,0,1
294,7,1941,1985,371.0,2,426,1528,1225,2133,1,1.0,8,2,1,312,69,1,0,0,0,0,0,0,1,0,0
1776,7,2007,2007,0.0,2,0,1369,1369,1369,2,2.0,5,0,2,605,0,0,0,1,0,0,0,0,0,1,0
540,7,2004,2005,0.0,2,0,1114,1114,1114,1,2.0,6,0,2,576,5,0,0,1,0,0,0,0,0,1,0
1717,6,2005,2006,182.0,2,866,1302,1302,1302,1,2.0,5,1,2,631,2,0,0,1,0,0,0,0,0,0,1
2303,5,1983,1983,0.0,1,596,816,816,816,1,1.0,4,0,1,264,24,0,1,0,0,0,0,0,0,1,0
116,6,1972,2006,0.0,1,982,1161,1381,1381,1,2.0,5,1,2,676,38,0,1,0,0,0,0,0,0,1,0
127,5,1950,1996,0.0,1,49,1078,1078,1078,1,2.0,5,0,1,240,60,0,1,0,0,0,0,0,0,1,0
1371,6,1906,1995,0.0,1,0,756,756,1469,1,1.0,7,0,1,216,102,0,1,0,0,0,0,0,0,1,0
1014,6,1952,1952,0.0,1,0,1632,1474,1474,1,1.0,7,2,2,495,56,0,1,0,0,0,0,0,0,1,0
1507,5,1947,1993,0.0,1,0,0,929,1137,1,1.0,8,0,0,0,61,0,0,0,1,0,0,0,0,1,0
702,5,1952,1952,360.0,1,0,960,960,1960,2,1.0,10,0,2,400,57,0,1,0,0,0,0,0,1,0,0
750,6,1915,1950,0.0,1,0,1048,1048,1768,2,1.0,8,0,2,576,94,0,0,1,0,0,0,0,0,1,0
261,6,1977,1977,153.0,1,378,689,689,1392,1,1.0,6,0,1,299,33,0,1,0,0,0,0,0,1,0,0
1559,4,1920,1950,0.0,1,0,592,432,864,1,0.0,5,0,1,216,88,0,0,0,0,1,0,0,0,1,0
577,7,1981,1981,0.0,2,121,1740,1740,1740,1,2.0,7,0,2,540,28,0,1,0,0,0,0,0,0,1,0
2812,7,2004,2004,0.0,2,0,860,860,1720,2,2.0,7,0,2,565,2,0,0,1,0,0,0,0,0,1,0
2080,6,1954,1954,0.0,1,491,988,988,1626,1,2.0,6,0,1,332,53,0,1,0,0,0,0,0,0,1,0
1368,6,1920,1998,0.0,1,0,901,1088,1198,1,1.0,7,0,0,0,88,1,0,0,0,0,0,0,0,1,0
2376,5,1967,1967,0.0,1,769,864,900,900,1,1.0,6,1,1,288,39,0,1,0,0,0,0,0,0,1,0
659,5,1924,2006,0.0,2,0,768,792,792,1,2.0,5,0,1,240,85,1,0,0,0,0,0,0,0,1,0
1235,5,1955,1955,151.0,1,902,1098,1098,1098,1,1.0,6,0,1,260,53,0,1,0,0,0,0,0,1,0,0
332,4,1970,1970,0.0,1,0,546,546,1092,1,1.0,5,0,0,0,40,0,1,0,0,0,0,0,0,1,0
1917,6,1957,1999,0.0,1,873,936,936,936,1,2.0,4,0,1,315,50,0,1,0,0,0,0,0,0,1,0
2094,7,1991,1991,0.0,2,48,1104,912,2127,2,2.0,8,1,3,833,16,0,0,1,0,0,0,0,0,1,0
1460,8,2001,2002,396.0,2,0,1055,1055,2263,2,2.0,7,1,2,905,7,0,0,1,0,0,0,0,1,0,0
1471,6,1997,1998,215.0,1,994,1478,1493,1493,2,2.0,7,1,2,508,11,0,0,1,0,0,0,0,1,0,0
1509,5,1946,1995,0.0,1,352,768,768,1200,1,1.0,6,0,1,240,62,0,1,0,0,0,0,0,0,1,0
1922,5,1954,2005,0.0,1,480,1056,1056,1056,1,1.0,6,0,1,260,53,0,1,0,0,0,0,0,0,1,0
433,10,2007,2007,472.0,3,2288,2630,2674,2674,2,3.0,8,2,3,762,2,0,0,1,0,0,0,0,0,0,1
460,9,2008,2008,500.0,3,0,1451,1456,1456,2,3.0,6,1,2,539,1,0,0,1,0,0,0,0,1,0,0
1116,8,2007,2007,468.0,1,33,1563,1563,1563,2,2.0,6,1,3,758,1,0,0,1,0,0,0,0,0,0,1
1137,6,2003,2004,0.0,1,814,1114,1114,1114,1,2.0,6,0,2,576,5,0,0,1,0,0,0,0,0,1,0
53,7,2006,2006,14.0,2,16,1145,1145,1145,2,2.0,6,0,2,437,4,0,0,1,0,0,0,0,1,0,0
2354,7,2005,2006,0.0,2,788,960,960,2318,2,2.0,8,1,2,541,1,0,0,1,0,0,0,0,0,1,0
1475,7,2004,2004,50.0,2,24,1445,1445,1445,2,2.0,6,0,2,470,4,0,0,1,0,0,0,0,0,0,1
1761,10,1996,1996,0.0,2,2096,2396,2411,4476,3,3.0,10,2,3,813,11,0,0,1,0,0,0,0,0,1,0
842,5,1994,1995,0.0,1,746,990,990,990,1,1.0,5,0,2,480,15,0,0,1,0,0,0,0,0,1,0
2739,5,1962,1962,96.0,1,612,1776,1560,1560,2,1.0,6,1,2,528,44,0,1,0,0,0,0,0,0,0,1
2509,7,2005,2005,0.0,2,0,600,520,1223,2,2.0,4,0,2,480,1,0,0,1,0,0,0,0,0,1,0
1007,7,1994,1996,0.0,2,0,712,1086,1895,2,2.0,7,1,2,409,14,0,0,1,0,0,0,0,0,1,0
2610,6,1962,1981,0.0,1,600,912,1085,1734,1,2.0,7,1,2,440,44,0,1,0,0,0,0,0,0,1,0
1952,5,1920,1950,0.0,1,0,691,691,691,1,3.0,4,0,1,216,87,1,0,0,0,0,0,0,0,1,0
2719,5,1977,1977,99.0,1,483,1949,1949,1949,2,1.0,10,0,2,586,29,0,1,0,0,0,0,0,1,0,0
2921,4,1970,1970,0.0,1,252,546,546,1092,1,1.0,6,0,1,286,36,0,1,0,0,0,0,0,0,1,0
1966,5,1960,1960,0.0,1,739,1242,1242,1242,1,1.0,6,0,1,324,47,0,1,0,0,0,0,0,0,1,0
292,5,1931,1950,0.0,1,0,894,894,1666,1,1.0,7,1,0,0,79,0,0,1,0,0,0,0,0,1,0
1204,7,1968,1968,342.0,1,552,832,1098,1978,2,1.0,9,1,2,486,40,0,1,0,0,0,0,0,1,0,0
1829,7,1974,2003,0.0,2,125,1192,1516,2167,2,2.0,9,2,2,518,33,0,1,0,0,0,0,0,0,1,0
2419,7,2006,2006,0.0,2,0,738,738,1492,2,2.0,8,0,2,440,0,0,0,1,0,0,0,0,0,1,0
391,6,1974,1974,174.0,1,0,1064,1350,1350,2,1.0,7,1,2,478,35,0,1,0,0,0,0,0,1,0,0
798,6,1939,1950,0.0,1,204,560,698,1258,1,1.0,6,0,1,280,70,1,0,0,0,0,0,0,0,1,0
481,7,2003,2003,0.0,2,652,782,806,1489,2,2.0,8,1,2,400,6,0,0,1,0,0,0,0,0,1,0
193,7,1922,2005,0.0,1,474,1108,1160,2068,1,2.0,8,1,1,315,88,1,0,0,0,0,0,0,0,1,0
555,5,1962,1962,0.0,1,68,980,980,980,1,1.0,5,0,2,400,47,0,1,0,0,0,0,0,0,1,0
899,3,1952,1952,0.0,1,0,0,944,944,1,0.0,4,0,2,528,57,0,0,0,1,0,0,0,0,1,0
2357,7,1976,1976,0.0,1,194,832,832,1664,2,1.0,8,1,2,528,30,0,0,1,0,0,0,0,0,1,0
328,5,1973,1973,0.0,1,915,945,945,945,1,1.0,5,1,1,253,37,0,1,0,0,0,0,0,0,1,0
1356,6,1918,2000,0.0,1,210,816,838,838,1,0.0,5,0,1,275,90,1,0,0,0,0,0,0,0,1,0
1154,5,1963,1963,0.0,1,489,864,864,864,1,1.0,5,0,1,276,45,0,1,0,0,0,0,0,0,1,0
1730,6,2005,2007,0.0,2,0,783,783,1484,2,2.0,8,1,2,393,2,0,0,1,0,0,0,0,0,1,0
2249,6,1978,1978,0.0,1,773,888,912,912,1,1.0,5,1,2,470,29,0,1,0,0,0,0,0,0,1,0
1119,8,2007,2008,310.0,2,729,955,955,1874,2,2.0,8,1,3,880,1,0,0,1,0,0,0,0,0,0,1
2856,5,1939,1950,0.0,1,646,992,992,1465,2,1.0,6,2,1,240,67,0,1,0,0,0,0,0,0,1,0
1394,5,1958,1987,0.0,1,0,533,1021,1601,1,1.0,6,0,1,300,50,0,1,0,0,0,0,0,0,1,0
2587,5,1956,1956,0.0,1,271,301,1145,1145,1,1.0,6,0,2,684,50,0,1,0,0,0,0,0,0,1,0
61,8,1998,1998,114.0,2,0,1629,1645,2475,2,2.0,7,1,3,962,12,0,0,1,0,0,0,0,1,0,0
2661,7,1910,2005,0.0,1,0,1226,1226,2104,2,1.0,9,0,2,432,96,1,0,0,0,0,0,0,0,1,0
2711,6,1964,1964,0.0,1,456,912,934,934,1,1.0,4,0,1,336,42,0,1,0,0,0,0,0,0,1,0
1147,6,1993,1993,120.0,2,426,832,832,1710,2,2.0,7,0,2,506,15,0,0,1,0,0,0,0,1,0,0
757,6,1915,2002,0.0,1,0,483,741,1427,1,2.0,7,0,1,379,94,1,0,0,0,0,0,0,0,1,0
2623,4,1950,1950,0.0,1,0,0,1040,1040,1,1.0,4,0,2,420,56,0,0,0,1,0,0,0,0,1,0
2378,6,1976,1976,0.0,1,70,855,855,1456,2,1.0,6,1,2,460,30,0,1,0,0,0,0,0,0,1,0
1413,6,1962,2001,216.0,2,324,621,621,1269,1,1.0,7,0,1,280,46,0,1,0,0,0,0,1,0,0,0
1722,8,2006,2006,178.0,2,24,1370,1370,1370,2,2.0,6,1,2,484,1,0,0,1,0,0,0,0,0,0,1
1112,6,2007,2007,74.0,2,0,894,894,1933,2,2.0,9,1,3,668,1,0,0,1,0,0,0,0,0,0,1
1623,6,1999,2000,0.0,1,871,923,947,1714,2,1.0,7,1,2,451,8,0,0,1,0,0,0,0,0,1,0
1201,6,1974,1974,270.0,2,442,901,943,1876,2,2.0,8,1,2,540,34,0,1,0,0,0,0,0,1,0,0
1513,4,1923,2008,0.0,1,224,949,949,1292,1,2.0,6,0,1,205,85,0,0,1,0,0,0,0,0,1,0
957,7,1965,1965,0.0,1,1236,2136,2036,2036,2,1.0,8,2,2,513,44,0,1,0,0,0,0,0,0,1,0
1171,9,1999,2000,260.0,2,1141,1557,1557,1557,2,3.0,5,1,2,484,9,0,0,1,0,0,0,0,1,0,0
1145,7,1992,1992,0.0,2,397,836,844,1737,2,2.0,7,0,2,506,16,0,0,1,0,0,0,0,0,1,0
2726,7,1967,1967,123.0,1,810,1865,1830,1830,1,1.0,6,2,2,521,39,0,1,0,0,0,0,0,1,0,0
703,7,1946,1992,0.0,1,0,651,707,1389,1,1.0,6,2,1,240,63,0,1,0,0,0,0,0,0,1,0
760,4,1923,1950,0.0,1,749,858,892,892,1,2.0,5,0,0,0,86,0,0,1,0,0,0,0,0,1,0
1964,5,1959,2003,0.0,1,574,1040,1040,1040,1,2.0,6,0,1,286,48,0,1,0,0,0,0,0,0,1,0
2512,7,1999,1999,218.0,2,450,691,713,1452,2,2.0,6,0,2,506,7,0,0,1,0,0,0,0,1,0,0
159,6,1980,1980,0.0,1,1056,1056,1056,1056,0,1.0,4,0,2,576,30,0,1,0,0,0,0,0,0,1,0
1281,6,1963,1963,415.0,1,400,780,983,1796,1,1.0,8,1,2,483,45,0,1,0,0,0,0,0,1,0,0
468,6,2005,2005,0.0,2,0,684,684,1560,2,2.0,6,1,2,400,4,0,0,1,0,0,0,0,0,1,0
290,6,1939,1950,0.0,1,238,856,856,856,1,1.0,4,1,2,399,71,0,1,0,0,0,0,0,0,1,0
665,5,1920,1950,0.0,1,0,720,846,846,1,2.0,4,0,2,576,89,1,0,0,0,0,0,0,0,1,0
1463,8,2002,2002,0.0,2,0,1128,1149,2290,2,2.0,9,1,2,779,6,0,0,1,0,0,0,0,0,1,0
1792,7,2006,2006,0.0,2,0,982,982,1977,2,2.0,7,0,3,574,1,0,0,1,0,0,0,0,0,1,0
923,5,1960,1960,0.0,1,793,1273,1273,1273,1,1.0,5,0,1,307,49,0,1,0,0,0,0,0,0,1,0
500,7,1996,1997,921.0,2,0,1264,1277,2344,2,2.0,7,1,3,889,13,0,0,1,0,0,0,0,1,0,0
1408,5,1940,2007,0.0,1,1035,1580,1518,1518,1,0.0,5,2,0,0,68,0,0,1,0,0,0,0,0,1,0
331,4,1972,1972,0.0,1,150,630,630,630,1,1.0,3,0,0,0,38,0,1,0,0,0,0,0,0,1,0
170,4,1900,1954,771.0,1,48,709,1157,1844,1,1.0,9,2,1,240,110,0,0,1,0,0,0,0,1,0,0
2192,4,1955,1955,0.0,1,544,768,768,768,1,1.0,4,1,1,355,52,0,1,0,0,0,0,0,0,1,0
2571,8,1918,1990,0.0,2,1036,1360,1360,3112,2,2.0,8,1,2,795,88,0,0,1,0,0,0,0,0,1,0
2314,6,1995,1996,0.0,1,592,691,691,1498,2,1.0,6,1,2,409,11,0,0,1,0,0,0,0,0,1,0
2647,5,1925,1950,0.0,1,0,844,844,844,1,1.0,5,0,1,216,81,1,0,0,0,0,0,0,0,1,0
422,9,2007,2007,726.0,3,1360,1776,1794,2772,3,3.0,10,3,3,754,2,0,0,1,0,0,0,0,0,0,1
2457,8,2005,2006,0.0,2,1721,2077,2097,2097,1,3.0,8,1,3,1134,1,0,0,1,0,0,0,0,0,1,0
1838,7,2006,2007,0.0,2,0,1352,1352,1352,2,2.0,5,1,2,466,1,0,0,1,0,0,0,0,0,1,0
2805,8,2006,2006,0.0,2,0,1079,1079,1919,2,2.0,8,1,2,685,0,0,0,1,0,0,0,0,0,1,0
1645,6,1984,1984,0.0,1,256,1284,1284,1284,2,1.0,5,0,2,480,23,0,1,0,0,0,0,0,0,1,0
1711,8,2003,2004,340.0,2,0,1181,1234,2374,2,3.0,10,1,3,656,4,0,0,1,0,0,0,0,1,0,0
2825,7,2003,2005,0.0,2,0,1150,1164,2314,2,2.0,9,1,2,502,3,0,0,1,0,0,0,0,0,1,0
322,9,2008,2009,0.0,3,0,2002,2018,2018,2,3.0,10,1,3,746,2,0,0,1,0,0,0,0,0,1,0
2103,8,2007,2007,306.0,2,0,1643,1651,1651,2,2.0,7,1,3,870,0,0,0,1,0,0,0,0,0,0,1
342,6,1956,1956,0.0,1,564,882,882,882,1,1.0,5,0,1,502,53,0,1,0,0,0,0,0,0,1,0
600,4,1960,1960,0.0,1,734,894,894,894,1,1.0,5,1,2,396,49,0,1,0,0,0,0,0,0,1,0
488,6,2000,2000,16.0,1,0,982,1007,1800,2,1.0,7,1,2,463,9,0,0,1,0,0,0,0,1,0,0
1725,9,2007,2007,362.0,3,0,1869,1869,1869,2,3.0,6,1,2,617,0,0,0,1,0,0,0,0,1,0,0
2246,8,2006,2007,473.0,2,1573,1573,1625,1625,2,2.0,5,1,2,495,1,0,0,1,0,0,0,0,0,0,1
2847,6,1940,2000,0.0,1,388,940,1192,1595,1,1.0,6,2,1,240,66,0,1,0,0,0,0,0,0,1,0
806,8,1995,1995,0.0,2,584,1128,1142,2020,2,2.0,8,1,2,466,14,0,0,1,0,0,0,0,0,1,0
530,7,2003,2004,0.0,2,0,912,912,2094,2,2.0,8,1,2,615,6,0,0,1,0,0,0,0,0,1,0
963,6,1988,1988,0.0,1,1005,1392,1412,1412,2,2.0,6,1,2,576,21,0,1,0,0,0,0,0,0,1,0
2678,3,1930,1950,0.0,2,347,728,728,1162,1,1.0,6,0,1,258,76,0,1,0,0,0,0,0,0,1,0
171,4,1910,2004,0.0,1,0,576,792,1140,1,1.0,7,0,0,0,100,1,0,0,0,0,0,0,0,1,0
2401,9,2005,2006,870.0,3,1410,1848,1848,2728,2,3.0,10,2,3,706,1,0,0,1,0,0,0,0,1,0,0
805,7,1993,1994,0.0,2,474,1079,1079,1879,2,2.0,8,1,2,473,16,0,0,1,0,0,0,0,0,1,0
2259,6,1958,1995,1224.0,1,0,585,2279,2279,2,2.0,7,1,2,461,49,0,1,0,0,0,0,0,1,0,0
1748,7,2004,2004,0.0,2,192,384,744,1374,2,2.0,8,1,2,400,3,0,0,1,0,0,0,0,0,1,0
1361,6,1952,1952,0.0,1,372,768,768,1536,1,1.0,7,0,1,308,56,0,1,0,0,0,0,0,0,1,0
1677,6,1973,1973,285.0,1,356,672,672,1218,1,1.0,7,0,1,264,34,0,1,0,0,0,0,0,1,0,0
1406,6,1953,1953,216.0,1,500,1094,1094,1094,1,1.0,5,2,2,495,55,0,1,0,0,0,0,0,0,0,1
2322,7,2006,2006,0.0,2,0,868,887,2021,2,2.0,9,1,2,422,0,0,0,1,0,0,0,0,0,1,0
688,6,1964,1964,420.0,1,0,780,993,1806,1,1.0,8,0,2,483,45,0,1,0,0,0,0,0,1,0,0
143,5,1957,1957,0.0,1,922,1314,1314,1314,1,1.0,5,0,1,294,53,0,1,0,0,0,0,0,0,1,0
804,7,1993,1993,137.0,2,513,740,1006,1775,2,2.0,7,1,2,425,16,0,0,1,0,0,0,0,1,0,0
1214,6,1964,1964,259.0,1,624,1248,1350,1350,1,1.0,6,0,2,520,44,0,1,0,0,0,0,0,1,0,0
2828,6,2005,2006,82.0,1,547,547,1072,1072,1,1.0,5,0,2,525,1,0,0,1,0,0,0,0,1,0,0
1999,6,1910,1998,0.0,1,1046,1214,1260,2291,2,1.0,9,1,2,506,97,1,0,0,0,0,0,0,0,1,0
2467,7,2006,2006,0.0,2,0,770,778,1576,2,2.0,6,0,2,614,0,0,0,1,0,0,0,0,0,1,0
2665,7,1920,1950,0.0,1,0,596,998,1762,1,2.0,8,0,2,576,86,1,0,0,0,0,0,0,0,1,0
1538,8,1935,1997,632.0,1,192,728,1968,3447,3,2.0,11,2,3,1014,73,0,1,0,0,0,0,0,1,0,0
398,4,1970,1970,0.0,1,726,864,864,864,1,1.0,5,0,2,576,39,0,1,0,0,0,0,0,0,1,0
2822,5,1969,1969,0.0,1,847,1176,1176,1176,1,1.0,5,0,1,360,37,0,1,0,0,0,0,0,0,1,0
2157,6,2003,2003,170.0,2,659,848,848,848,1,2.0,3,0,2,420,4,0,0,1,0,0,0,0,1,0,0
1856,5,1978,1978,0.0,1,680,1360,1432,1432,1,2.0,5,1,2,588,29,0,0,1,0,0,0,0,0,1,0
1269,5,1950,1950,0.0,1,0,0,1048,1048,1,1.0,7,0,2,420,58,0,1,0,0,0,0,0,0,1,0
2570,5,1954,1954,0.0,1,812,936,1128,1128,1,1.0,5,0,1,286,52,0,1,0,0,0,0,0,0,1,0
2320,8,2005,2005,0.0,2,0,893,901,1801,2,2.0,8,1,3,800,1,0,0,1,0,0,0,0,0,1,0
1517,6,1925,1950,0.0,1,156,672,810,1482,2,0.0,7,0,1,400,83,1,0,0,0,0,0,0,0,1,0
2304,5,1991,1992,0.0,1,212,974,974,974,1,1.0,5,0,0,0,16,0,0,1,0,0,0,0,0,1,0
1312,5,1900,2003,0.0,1,0,346,709,1017,1,1.0,5,0,1,308,108,0,1,0,0,0,0,0,0,1,0
2012,6,1941,1950,0.0,1,375,735,869,1218,1,1.0,6,1,2,440,66,1,0,0,0,0,0,0,0,1,0
506,7,1994,1994,0.0,2,595,973,979,1850,2,2.0,7,1,2,467,15,0,0,1,0,0,0,0,0,1,0
2865,6,1932,1950,0.0,1,503,952,1170,2345,2,1.0,9,1,2,360,74,1,0,0,0,0,0,0,0,1,0
2367,6,1973,1973,408.0,1,309,483,483,987,1,1.0,5,0,1,264,33,0,1,0,0,0,0,0,1,0,0
554,6,1928,1950,0.0,1,0,784,784,784,1,1.0,5,0,2,360,81,1,0,0,0,0,0,0,0,1,0
238,5,1956,1956,0.0,1,739,1144,1144,1144,1,1.0,6,0,1,596,54,0,1,0,0,0,0,0,0,1,0
1954,5,1961,1961,53.0,1,192,920,888,888,1,1.0,5,0,1,240,46,0,1,0,0,0,0,0,1,0,0
2488,6,1977,1977,0.0,1,0,0,1286,1654,2,1.0,10,0,2,528,29,0,1,0,0,0,0,0,0,1,0
2291,4,1976,1976,0.0,1,0,546,546,1092,1,1.0,6,0,1,286,31,0,1,0,0,0,0,0,0,1,0
1969,5,1961,1961,0.0,1,0,0,925,925,1,1.0,7,0,1,300,46,0,0,0,1,0,0,0,0,1,0
2725,5,1956,1987,0.0,1,988,1188,1437,1437,1,1.0,6,1,2,576,50,0,1,0,0,0,0,0,0,1,0
1482,6,2004,2004,147.0,2,697,848,848,848,1,2.0,3,1,2,420,4,0,0,1,0,0,0,0,1,0,0
2763,7,2005,2005,532.0,2,0,784,784,1596,2,2.0,6,0,2,610,1,0,0,1,0,0,0,0,1,0,0
503,7,1995,1996,286.0,2,816,1070,1094,2061,2,2.0,7,1,2,647,14,0,0,1,0,0,0,0,1,0,0
1584,8,2003,2003,206.0,2,1029,1432,1440,1440,2,2.0,7,1,2,467,5,0,0,1,0,0,0,0,1,0,0
1531,6,1923,1950,0.0,1,0,784,819,1603,1,1.0,7,1,2,599,85,1,0,0,0,0,0,0,0,1,0
2210,6,1946,1950,423.0,1,484,979,979,1958,2,1.0,8,0,2,492,61,0,1,0,0,0,0,0,1,0,0
459,9,2008,2009,308.0,3,800,1884,1884,1884,2,3.0,6,1,2,649,1,0,0,1,0,0,0,0,1,0,0
556,5,1977,1977,153.0,1,560,980,980,980,1,1.0,6,0,2,484,32,0,1,0,0,0,0,0,1,0,0
1347,5,1923,1950,0.0,1,203,1100,1226,1902,2,1.0,7,0,2,576,85,1,0,0,0,0,0,0,0,1,0
1290,5,1940,1950,0.0,1,0,672,672,672,1,1.0,4,0,1,256,68,0,1,0,0,0,0,0,0,1,0
1388,5,1959,1959,0.0,1,288,1006,1006,1006,1,1.0,5,0,0,0,49,0,1,0,0,0,0,0,0,1,0
1571,5,1965,1965,0.0,1,1249,1499,1619,1786,2,1.0,7,2,2,529,43,0,1,0,0,0,0,0,0,1,0
2754,7,2006,2006,0.0,2,0,1286,1294,1294,2,2.0,6,1,2,662,0,0,0,1,0,0,0,0,0,1,0
765,5,1978,1978,0.0,1,1152,1152,1152,1152,2,1.0,6,0,1,252,31,0,0,1,0,0,0,0,0,1,0
2494,5,1965,1965,0.0,1,712,1024,1024,1024,1,1.0,5,0,1,308,41,0,1,0,0,0,0,0,0,1,0
2870,5,1950,1963,405.0,1,760,1168,1278,2315,2,1.0,9,3,1,342,56,0,1,0,0,0,0,0,1,0,0
7,8,2001,2001,0.0,2,616,1338,1338,1338,2,2.0,6,0,2,582,9,0,0,1,0,0,0,0,0,1,0
1114,7,2006,2006,128.0,2,1096,1578,1578,1578,2,2.0,7,1,3,642,2,0,0,1,0,0,0,0,1,0,0
2418,8,2004,2005,236.0,2,0,1052,1052,2373,2,2.0,9,1,3,632,2,0,0,1,0,0,0,0,1,0,0
291,4,1967,1967,0.0,1,0,0,862,2650,3,1.0,10,0,0,0,43,0,0,0,1,0,0,0,0,1,0
18,9,2010,2010,350.0,2,1445,1856,1856,1856,1,3.0,8,1,3,834,0,0,0,1,0,0,0,0,0,0,1
39,9,2009,2010,450.0,3,1646,1930,1940,1940,2,3.0,8,1,3,606,1,0,0,1,0,0,0,0,0,0,1
1001,8,1997,1997,0.0,2,656,1664,1682,1682,1,2.0,6,1,2,528,11,0,0,1,0,0,0,0,0,1,0
2442,7,1999,1999,302.0,2,0,975,1005,2291,2,2.0,8,1,2,429,7,0,0,1,0,0,0,0,1,0,0
616,5,1950,1950,161.0,1,185,709,979,1203,1,2.0,5,1,1,352,59,0,1,0,0,0,0,1,0,0,0
2680,4,1947,1950,0.0,1,0,0,672,912,1,1.0,3,0,0,0,59,0,0,0,1,0,0,0,0,1,0
1414,5,1900,1950,0.0,1,241,861,961,1367,1,1.0,7,0,1,384,108,1,0,0,0,0,0,0,0,1,0
289,5,1924,1950,0.0,1,218,1026,1026,1691,2,2.0,6,1,1,308,86,1,0,0,0,0,0,0,0,1,0
40,8,2009,2010,256.0,2,0,1544,1544,1544,2,2.0,7,0,3,868,1,0,0,1,0,0,0,0,0,0,1
860,5,1972,1972,0.0,1,777,894,894,894,1,1.0,6,0,2,600,37,0,1,0,0,0,0,0,0,1,0
409,6,1976,1976,0.0,1,958,958,958,958,2,1.0,5,0,2,440,33,0,1,0,0,0,0,0,0,1,0
673,5,1957,2000,0.0,1,860,992,1306,1306,1,1.0,5,0,1,756,52,0,1,0,0,0,0,0,0,1,0
2427,7,2005,2006,14.0,2,16,1142,1142,1142,2,2.0,6,0,2,440,1,0,0,1,0,0,0,0,1,0,0
2036,7,1950,2005,0.0,1,354,976,976,1952,1,2.0,8,2,1,299,57,0,1,0,0,0,0,0,0,1,0
2564,5,1949,1973,0.0,1,0,704,1024,1728,1,1.0,7,1,1,234,57,0,1,0,0,0,0,0,0,1,0
642,5,1958,1958,657.0,1,0,1866,1866,1866,2,1.0,8,0,2,495,51,0,0,1,0,0,0,0,1,0,0
1008,6,1991,1991,194.0,1,504,836,851,1709,2,2.0,7,0,2,416,17,0,0,1,0,0,0,0,1,0,0
1908,5,1948,1950,567.0,1,220,928,928,1920,2,1.0,10,0,2,400,59,0,1,0,0,0,0,0,0,0,1
2519,8,1980,1980,0.0,2,1009,1235,1235,1235,1,1.0,4,3,2,484,26,0,1,0,0,0,0,0,0,1,0
1369,5,1912,1991,0.0,1,0,451,759,759,1,1.0,5,0,2,576,96,1,0,0,0,0,0,0,0,1,0
2855,7,1920,1950,0.0,1,352,793,901,1802,1,1.0,9,1,1,216,86,1,0,0,0,0,0,0,0,1,0
712,5,1923,1950,0.0,2,0,624,792,792,1,1.0,5,0,1,287,86,0,0,1,0,0,0,0,0,1,0
1943,4,1890,2006,0.0,2,0,925,1000,1544,2,1.0,7,0,0,0,117,0,1,0,0,0,0,0,0,1,0
1958,6,1948,1950,206.0,1,336,1082,1082,1082,1,1.0,5,1,1,240,59,0,1,0,0,0,0,0,1,0,0
107,8,1980,1980,0.0,2,728,728,788,788,1,2.0,3,1,2,484,30,0,1,0,0,0,0,0,0,1,0
2295,5,1977,1994,0.0,1,1112,1160,1676,1676,1,2.0,6,2,2,672,30,0,0,1,0,0,0,0,0,1,0
704,5,1910,1950,0.0,1,0,801,801,1447,1,1.0,6,0,0,0,99,1,0,0,0,0,0,0,0,1,0
676,5,1949,1950,0.0,2,375,832,1036,1268,1,1.0,6,1,1,288,60,0,1,0,0,0,0,0,0,1,0
259,6,1998,1998,116.0,1,505,804,804,1682,2,2.0,7,0,2,523,12,0,0,1,0,0,0,0,1,0,0
93,8,1992,1993,180.0,2,1129,1390,1402,2225,2,2.0,7,1,3,713,18,0,0,1,0,0,0,0,1,0,0
106,8,2000,2000,0.0,2,484,975,975,1848,2,2.0,7,1,2,592,10,0,0,1,0,0,0,0,0,1,0
2315,6,1996,1996,0.0,1,0,821,821,1776,2,1.0,7,1,2,443,10,0,0,1,0,0,0,0,0,1,0
1050,5,1966,1966,65.0,1,340,864,892,892,1,1.0,5,0,1,264,42,0,1,0,0,0,0,0,1,0,0
1095,7,2004,2005,0.0,2,724,788,788,1490,2,2.0,8,1,2,388,4,0,0,1,0,0,0,0,0,1,0
2709,5,1967,1967,305.0,1,779,1064,1064,1064,1,1.0,6,1,2,528,39,0,1,0,0,0,0,0,1,0,0
758,7,1902,2000,188.0,1,169,1020,978,1864,2,1.0,9,0,0,0,107,1,0,0,0,0,0,0,0,0,1
1496,6,1976,2001,0.0,1,288,684,684,1398,1,1.0,6,1,2,440,32,0,1,0,0,0,0,0,0,1,0
2370,6,1972,1972,281.0,1,317,672,672,1218,1,1.0,7,0,1,264,34,0,1,0,0,0,0,0,1,0,0
2458,8,2006,2006,420.0,2,1220,1660,1660,1660,2,2.0,8,1,2,500,0,0,0,1,0,0,0,0,0,0,1
2733,4,1954,1954,0.0,1,799,967,1350,1350,1,1.0,6,1,2,504,52,0,1,0,0,0,0,0,0,1,0
161,7,1967,2007,300.0,2,0,710,1898,2978,2,2.0,11,1,2,564,43,0,1,0,0,0,0,0,1,0,0
726,6,1910,2002,0.0,1,0,741,780,1521,1,2.0,8,0,3,640,99,0,0,1,0,0,0,0,0,1,0
845,7,1999,1999,0.0,2,560,1431,1431,1431,2,2.0,6,0,2,666,10,0,0,1,0,0,0,0,0,1,0
947,8,2000,2001,0.0,2,445,1107,1040,2052,2,2.0,7,1,3,642,9,0,0,1,0,0,0,0,0,1,0
2232,5,1919,2005,0.0,1,0,793,997,1517,2,0.0,7,0,0,0,88,0,1,0,0,0,0,0,0,1,0
2563,6,1941,1950,0.0,1,403,806,958,1578,1,0.0,5,2,1,240,65,0,1,0,0,0,0,0,0,1,0
2299,4,1961,1961,198.0,1,811,1396,1608,1608,1,1.0,6,0,1,444,46,0,1,0,0,0,0,0,0,0,0
211,5,1917,1950,0.0,1,0,689,725,1224,1,,6,0,1,180,93,1,0,0,0,0,0,0,0,1,0
605,5,1958,1958,95.0,1,0,1584,1776,1776,2,1.0,9,0,3,888,51,0,1,0,0,0,0,0,1,0,0
1478,8,2007,2007,0.0,2,0,1234,1234,1234,2,2.0,7,0,2,484,1,0,0,1,0,0,0,0,0,1,0
2247,8,2006,2007,481.0,2,1573,1573,1625,1625,2,2.0,5,1,2,538,1,0,0,1,0,0,0,0,0,0,1
2274,5,1963,1963,226.0,1,1159,1572,1572,1572,1,1.0,5,2,3,995,44,0,1,0,0,0,0,0,1,0,0
2869,5,1977,1977,459.0,1,1283,1430,1647,1647,2,2.0,7,1,2,621,29,0,1,0,0,0,0,0,1,0,0
967,7,2003,2003,0.0,2,0,912,1072,2014,2,2.0,9,0,2,486,6,0,0,1,0,0,0,0,0,1,0
2656,3,1955,2005,0.0,1,256,1162,1163,1163,1,1.0,6,0,1,220,51,0,1,0,0,0,0,0,0,1,0
667,6,1969,1969,480.0,1,0,1248,1248,2544,2,1.0,12,0,3,907,40,0,1,0,0,0,0,0,0,0,1
1042,6,1972,1972,422.0,1,483,483,483,987,1,1.0,5,0,1,352,36,0,1,0,0,0,0,0,1,0,0
2023,6,1919,1950,0.0,1,0,764,1060,1824,1,1.0,8,1,2,520,88,0,0,1,0,0,0,0,0,1,0
2447,9,2000,2000,877.0,2,1182,1540,1540,2855,2,3.0,9,1,3,774,6,0,0,1,0,0,0,0,1,0,0
2055,6,1966,1966,0.0,1,187,814,913,913,1,1.0,6,0,1,240,41,0,1,0,0,0,0,0,0,1,0
2275,8,2006,2007,100.0,2,80,1732,1776,1776,2,2.0,7,1,3,712,1,0,0,1,0,0,0,0,0,0,1
2204,7,1918,1998,0.0,2,0,912,912,1426,1,2.0,7,1,1,216,89,1,0,0,0,0,0,0,0,1,0
1563,8,2004,2005,174.0,2,1373,1594,1646,1646,2,2.0,5,1,2,482,4,0,0,1,0,0,0,0,0,0,1
483,7,2007,2008,166.0,2,904,1314,1314,1314,2,2.0,6,1,2,626,2,0,0,1,0,0,0,0,0,0,1
796,5,1984,1984,149.0,2,552,1049,1049,1049,2,2.0,5,0,1,266,25,0,1,0,0,0,0,0,1,0,0
1526,6,1915,1976,0.0,1,0,840,840,1680,2,1.0,8,0,1,308,93,1,0,0,0,0,0,0,0,1,0
2042,7,1910,1950,0.0,0,0,925,964,1889,1,1.0,9,1,1,308,97,0,1,0,0,0,0,0,0,1,0
442,9,2008,2008,285.0,3,1142,1774,1808,1808,2,3.0,7,1,3,850,1,0,0,1,0,0,0,0,0,1,0
1693,8,2006,2007,190.0,2,0,1108,1148,2550,2,3.0,11,1,3,670,1,0,0,1,0,0,0,0,1,0,0
1468,7,1994,1995,0.0,2,642,915,933,1908,2,2.0,8,1,2,493,14,0,0,1,0,0,0,0,0,1,0
1430,6,1966,1966,0.0,1,262,1182,1643,1643,2,1.0,6,1,2,438,42,0,1,0,0,0,0,0,0,1,0
2605,5,1900,1970,0.0,1,664,954,1766,2414,2,1.0,10,1,2,520,106,0,1,0,0,0,0,0,0,1,0
1529,8,1925,1997,0.0,2,406,798,798,1512,2,2.0,7,1,1,180,83,0,0,1,0,0,0,0,0,1,0
335,5,1962,1962,189.0,1,593,1188,1188,1188,1,1.0,6,0,1,312,48,0,1,0,0,0,0,0,1,0,0
1287,5,1948,2005,0.0,1,0,780,948,1323,1,1.0,6,0,2,400,60,1,0,0,0,0,0,0,0,1,0
31,5,1971,1971,492.0,1,300,525,525,1092,1,1.0,6,0,1,320,39,0,1,0,0,0,0,0,1,0,0
1785,7,2007,2007,205.0,3,1126,1726,1726,1726,2,3.0,8,1,3,786,0,0,0,1,0,0,0,0,0,0,1
82,6,1980,1981,130.0,1,0,650,888,1564,2,1.0,7,1,2,476,30,0,1,0,0,0,0,0,1,0,0
2620,4,1950,1950,0.0,1,455,910,910,1521,1,2.0,6,0,1,597,56,0,1,0,0,0,0,0,0,1,0
252,7,2009,2009,0.0,1,0,1226,1226,1226,2,2.0,6,0,3,740,1,0,0,1,0,0,0,0,0,1,0
721,4,1910,1950,0.0,1,0,624,816,816,1,1.0,5,1,0,0,99,1,0,0,0,0,0,0,0,1,0
2165,6,2006,2007,0.0,2,0,1330,1330,1330,2,2.0,6,1,2,437,1,0,0,1,0,0,0,0,0,1,0
2316,6,1997,1997,0.0,1,714,802,802,1511,2,1.0,8,1,2,413,9,0,0,1,0,0,0,0,0,1,0
775,5,1982,1982,0.0,1,685,858,858,858,1,1.0,5,0,2,576,27,0,1,0,0,0,0,0,0,1,0
1558,3,1935,1950,0.0,0,0,894,894,894,1,1.0,6,0,3,1248,73,0,1,0,0,0,0,0,0,1,0
17,8,1988,2005,0.0,2,427,559,1080,1752,2,1.0,8,0,2,492,22,0,0,0,0,0,1,0,0,1,0
1022,7,1979,1979,194.0,2,864,1782,1782,1782,2,2.0,6,1,2,551,29,0,1,0,0,0,0,0,1,0,0
925,5,1921,1950,0.0,1,0,731,820,1343,1,1.0,7,1,1,186,88,1,0,0,0,0,0,0,0,1,0
438,8,2006,2006,250.0,2,0,1709,1717,1717,2,2.0,7,1,3,908,3,0,0,1,0,0,0,0,0,0,1
1270,5,1960,1960,0.0,1,666,1075,1507,1507,2,1.0,7,0,1,404,48,0,1,0,0,0,0,0,0,1,0
1272,5,1962,1962,0.0,1,520,1027,1027,1027,1,1.0,6,0,1,299,46,0,1,0,0,0,0,0,0,1,0
215,5,1910,1950,0.0,1,736,856,936,1680,2,1.0,7,1,2,450,100,1,0,0,0,0,0,0,0,1,0
266,7,2003,2003,223.0,2,483,941,941,1829,2,2.0,7,1,2,613,7,0,0,1,0,0,0,0,1,0,0
2402,8,2005,2005,280.0,2,546,1058,1058,1904,2,3.0,8,1,2,736,1,0,0,1,0,0,0,0,1,0,0
1250,5,1951,1951,0.0,1,852,952,952,952,1,1.0,4,0,2,840,57,0,1,0,0,0,0,0,0,1,0
1984,4,1937,2000,435.0,1,168,907,1131,1131,1,1.0,7,0,2,672,70,1,0,0,0,0,0,1,0,0,0
1279,5,1955,1967,0.0,1,370,768,1024,1588,1,1.0,6,0,2,480,53,0,1,0,0,0,0,0,0,1,0
377,7,1980,1991,229.0,1,602,1043,1539,2673,2,2.0,9,1,2,441,29,0,1,0,0,0,0,0,1,0,0
1252,5,1957,1982,0.0,1,0,0,1764,1764,2,1.0,7,1,1,301,51,1,0,0,0,0,0,0,0,1,0
2156,8,1995,1996,438.0,2,1079,1220,1220,2090,2,2.0,8,1,2,556,12,0,0,1,0,0,0,0,1,0,0
499,8,1998,1999,975.0,2,854,1225,1276,2612,2,2.0,8,1,3,676,11,0,0,1,0,0,0,0,1,0,0
1374,5,1948,1950,0.0,1,0,720,720,1271,2,1.0,7,1,1,312,60,0,1,0,0,0,0,0,0,1,0
2898,7,1990,1991,0.0,1,1216,1216,1298,2514,2,1.0,8,0,2,693,16,0,0,0,0,0,1,0,0,1,0
401,4,1971,1971,0.0,1,524,864,864,864,1,1.0,4,0,2,576,38,0,1,0,0,0,0,0,0,1,0
2721,5,1957,2000,67.0,1,168,1134,1803,1803,2,1.0,8,1,2,484,49,0,1,0,0,0,0,1,0,0,0
2078,6,1954,1994,300.0,1,353,1288,2422,2422,3,2.0,6,2,2,527,53,0,1,0,0,0,0,0,0,0,1
2589,5,1955,1955,0.0,1,144,1056,1056,1056,1,1.0,6,0,1,300,51,0,1,0,0,0,0,0,0,1,0
1946,5,1935,2007,0.0,1,0,666,1308,3086,3,2.0,9,0,3,1200,72,1,0,0,0,0,0,0,0,1,0
1334,6,1900,2000,0.0,1,0,554,736,1290,1,1.0,6,0,1,200,108,1,0,0,0,0,0,0,0,1,0
2781,7,2001,2002,150.0,2,0,1541,1541,1541,2,2.0,6,1,3,843,5,0,0,1,0,0,0,0,1,0,0
431,10,2009,2009,305.0,3,1436,2006,2020,2020,2,3.0,9,1,3,900,0,0,1,0,0,0,0,0,1,0,0
576,8,1981,1981,0.0,2,960,1226,1226,1226,1,2.0,4,2,2,484,28,0,1,0,0,0,0,0,0,1,0
1474,7,2003,2003,196.0,2,706,856,856,1710,2,2.0,8,0,2,548,5,0,0,1,0,0,0,0,1,0,0
2254,7,1975,1975,50.0,1,224,852,918,918,1,1.0,4,0,1,360,32,0,1,0,0,0,0,0,0,0,1
2155,9,2002,2002,215.0,2,1059,1626,1668,1668,2,2.0,7,1,3,702,5,0,0,1,0,0,0,0,0,0,1
885,4,1949,2003,0.0,1,0,0,1126,1126,2,2.0,5,0,2,520,60,0,1,0,0,0,0,0,0,1,0
643,6,1954,1954,80.0,1,490,1062,1062,1062,1,1.0,6,0,1,297,55,0,1,0,0,0,0,0,1,0,0
1944,5,1949,2003,0.0,1,220,845,893,893,1,2.0,4,0,2,576,58,0,1,0,0,0,0,0,0,1,0
480,7,2004,2004,0.0,2,0,846,846,1594,2,2.0,7,1,2,434,5,0,0,1,0,0,0,0,0,1,0
2845,4,1910,1993,0.0,1,0,616,1055,1273,1,2.0,5,0,1,275,96,1,0,0,0,0,0,0,0,1,0
2387,8,2005,2006,380.0,2,0,1158,1158,2376,3,2.0,9,1,3,853,1,0,0,1,0,0,0,0,1,0,0
2407,7,2005,2006,94.0,2,0,1368,1368,1368,2,2.0,6,1,2,474,1,0,0,1,0,0,0,0,0,0,1
2527,6,1968,1968,420.0,1,404,708,708,1416,2,1.0,7,1,2,776,38,0,1,0,0,0,0,0,1,0,0
2514,7,2003,2003,0.0,2,0,530,530,1080,2,2.0,4,0,2,496,3,0,0,1,0,0,0,0,0,1,0
629,6,1968,1968,216.0,1,0,1392,1392,1392,1,1.0,5,2,2,576,41,0,1,0,0,0,0,0,1,0,0
80,7,1993,2003,0.0,2,402,996,1014,1744,2,2.0,7,0,2,457,17,0,0,1,0,0,0,0,0,1,0
1876,5,1967,1967,196.0,1,695,1214,1214,1214,2,1.0,5,1,1,318,40,0,1,0,0,0,0,0,1,0,0
1546,6,1940,2006,0.0,1,0,720,760,1090,1,1.0,5,0,1,240,68,0,1,0,0,0,0,0,0,1,0
2518,6,1977,1977,0.0,2,767,1208,1208,1208,1,1.0,6,1,2,546,29,0,1,0,0,0,0,0,0,1,0
2347,6,1980,1980,130.0,1,850,988,1102,1102,1,1.0,5,1,2,582,26,0,1,0,0,0,0,0,1,0,0
783,5,1968,2003,0.0,1,1324,1437,1473,1473,1,3.0,5,2,1,452,41,0,1,0,0,0,0,0,0,1,0
1322,2,1920,1950,0.0,0,0,723,723,1086,1,1.0,5,0,2,400,88,1,0,0,0,0,0,0,0,1,0
194,4,1925,1950,0.0,1,188,765,765,765,1,2.0,4,0,1,200,85,1,0,0,0,0,0,0,0,1,0
1770,7,1996,1997,594.0,2,719,1379,1383,2398,2,2.0,8,1,3,834,11,0,0,1,0,0,0,0,1,0,0
2143,5,1972,2000,0.0,1,671,864,864,864,1,3.0,5,0,2,576,35,0,1,0,0,0,0,0,0,1,0
1229,7,1965,1988,288.0,1,454,864,902,1820,1,2.0,8,2,2,492,43,0,1,0,0,0,0,0,0,0,1
511,8,2007,2007,260.0,2,1294,1702,1702,1702,2,2.0,7,1,3,844,2,0,0,1,0,0,0,0,0,0,1
46,7,2009,2010,128.0,2,733,1358,1358,1358,2,2.0,6,1,2,484,1,0,0,1,0,0,0,0,0,0,1
1348,7,1931,1950,0.0,1,0,952,1022,1774,2,1.0,8,2,2,468,77,1,0,0,0,0,0,0,0,1,0
2465,7,2005,2006,0.0,2,0,756,756,1553,2,2.0,6,0,2,615,1,0,0,1,0,0,0,0,0,1,0
387,8,2002,2002,0.0,2,225,972,972,1811,2,2.0,7,1,2,565,7,0,0,1,0,0,0,0,0,1,0
873,7,1997,1998,209.0,2,1111,1417,1417,1417,2,2.0,7,1,2,511,12,0,0,1,0,0,0,0,1,0,0
1918,5,1956,1956,54.0,1,908,1008,1008,1008,1,0.0,6,0,1,308,51,0,1,0,0,0,0,1,0,0,0
2764,8,1992,1992,0.0,2,789,908,927,1915,2,2.0,8,1,2,506,14,0,0,1,0,0,0,0,0,1,0
2184,5,1959,2000,0.0,1,77,960,960,960,1,0.0,4,0,1,392,48,0,1,0,0,0,0,0,0,1,0
934,6,1980,1992,0.0,1,471,561,561,1229,1,2.0,5,1,2,462,29,0,1,0,0,0,0,0,0,1,0
1920,5,1958,1992,0.0,1,846,1056,1056,1056,1,1.0,6,0,1,308,49,0,1,0,0,0,0,0,0,1,0
2631,6,1966,1966,266.0,1,512,660,660,1348,1,1.0,6,1,2,453,40,0,1,0,0,0,0,0,1,0,0
1768,10,1994,1995,1170.0,3,1455,2444,2444,4316,3,3.0,10,2,3,832,13,0,0,1,0,0,0,0,1,0,0
2040,4,1916,1990,0.0,1,197,1196,1196,1196,1,1.0,5,0,2,440,91,0,1,0,0,0,0,0,0,1,0
1749,7,2004,2005,0.0,2,0,847,847,1959,2,2.0,8,1,2,434,3,0,0,1,0,0,0,0,0,1,0
834,7,1992,1993,0.0,2,800,1449,944,1759,2,2.0,7,1,2,525,17,0,0,1,0,0,0,0,0,1,0
1457,7,2001,2001,227.0,2,0,1257,1290,2161,2,2.0,8,1,2,570,7,0,0,1,0,0,0,0,1,0,0
79,6,1984,1984,0.0,1,623,744,752,752,1,1.0,4,0,1,264,26,0,1,0,0,0,0,0,0,1,0
2302,5,1982,1982,0.0,1,546,816,816,816,1,1.0,5,0,1,264,25,0,1,0,0,0,0,0,0,1,0
1817,5,1983,1983,0.0,1,747,840,884,884,1,2.0,5,0,2,504,24,0,1,0,0,0,0,0,0,1,0
2755,7,2005,2006,240.0,2,20,1614,1614,1614,2,2.0,7,0,3,865,1,0,0,1,0,0,0,0,1,0,0
359,6,1994,1995,0.0,1,600,707,707,1516,2,2.0,7,1,2,409,15,0,0,1,0,0,0,0,0,1,0
2059,5,1968,1968,89.0,1,168,876,897,897,1,1.0,5,0,1,264,39,0,1,0,0,0,0,0,1,0,0
2092,7,1990,1991,246.0,2,700,700,1122,2243,2,2.0,8,1,3,746,17,0,1,0,0,0,0,0,1,0,0
2516,8,2001,2002,0.0,2,0,1568,1568,1568,2,2.0,6,1,2,564,5,0,0,1,0,0,0,0,0,1,0
150,5,1952,1952,0.0,1,339,864,1064,1064,1,0.0,4,0,1,318,58,0,1,0,0,0,0,0,0,1,0
1656,5,1969,1969,263.0,1,493,780,780,1620,2,1.0,7,0,2,462,38,0,1,0,0,0,0,0,1,0,0
83,5,1920,1950,0.0,1,0,816,1012,1012,1,1.0,5,0,1,429,90,1,0,0,0,0,0,0,0,1,0
2411,6,2005,2006,0.0,2,28,1316,1316,1316,2,2.0,6,1,2,397,1,0,0,1,0,0,0,0,0,1,0
795,4,1957,1957,0.0,1,0,0,845,845,1,1.0,5,0,1,290,52,0,0,0,1,0,0,0,0,1,0
2312,7,1997,1997,285.0,1,0,964,993,2236,2,2.0,8,1,2,642,9,0,0,1,0,0,0,0,1,0,0
2917,5,1970,1970,0.0,1,553,630,630,630,1,3.0,3,0,0,0,36,0,1,0,0,0,0,0,0,1,0
1624,7,1996,1996,0.0,2,414,691,691,1553,2,2.0,6,0,2,420,11,0,0,1,0,0,0,0,0,1,0
2215,8,1934,1998,0.0,1,428,965,1940,3194,2,1.0,10,2,2,380,73,0,0,1,0,0,0,0,0,1,0
1211,6,1965,1965,0.0,1,892,1136,1136,1136,1,1.0,5,1,1,384,43,0,1,0,0,0,0,0,0,1,0
1485,6,2004,2004,169.0,2,662,848,848,848,1,2.0,4,1,2,420,4,0,0,1,0,0,0,0,1,0,0
1024,6,1976,1976,621.0,1,890,1211,1211,1211,2,2.0,6,1,2,461,32,0,0,1,0,0,0,0,1,0,0
570,6,2008,2008,252.0,2,962,1145,1256,1256,1,2.0,5,1,2,641,1,0,0,1,0,0,0,0,0,0,1
2874,6,1926,1950,0.0,1,374,861,861,1285,1,1.0,6,0,2,506,80,0,0,1,0,0,0,0,0,1,0
700,5,1892,1965,0.0,1,0,994,1378,2372,2,1.0,11,0,1,432,117,0,0,0,0,1,0,0,0,1,0
2756,7,2006,2006,0.0,2,0,1498,1498,1498,2,2.0,5,0,2,675,0,0,0,1,0,0,0,0,0,1,0
2022,6,1918,1995,0.0,1,0,1100,1100,2264,2,1.0,8,0,1,408,89,0,1,0,0,0,0,0,0,1,0
583,7,1973,1973,240.0,1,859,1107,1107,2090,2,1.0,7,2,2,484,36,0,1,0,0,0,0,0,0,0,1
2392,9,2005,2006,286.0,3,998,1175,1182,2324,3,3.0,11,2,3,736,1,0,0,1,0,0,0,0,0,0,1
2424,7,2004,2004,18.0,2,0,1375,1414,1414,2,2.0,6,1,2,398,2,0,0,1,0,0,0,0,1,0,0
212,5,1915,1950,0.0,0,1026,1212,1212,1392,1,1.0,6,0,0,0,95,1,0,0,0,0,0,0,0,1,0
736,5,1925,1997,0.0,1,0,884,884,1348,1,1.0,5,1,1,216,84,1,0,0,0,0,0,0,0,1,0
1610,5,1969,1969,232.0,1,562,784,1168,1968,2,1.0,7,1,2,530,39,0,1,0,0,0,0,0,1,0,0
890,4,1960,1971,0.0,1,399,1014,1149,1149,1,1.0,7,0,1,544,49,0,1,0,0,0,0,0,0,1,0
467,6,2005,2005,0.0,2,0,742,742,1484,2,2.0,8,1,2,390,4,0,0,1,0,0,0,0,0,1,0
578,8,1976,1976,200.0,2,0,392,1487,2499,2,1.0,5,1,2,527,33,0,1,0,0,0,0,0,1,0,0
1747,7,2004,2005,0.0,2,779,835,1119,1119,2,2.0,5,0,2,437,3,0,0,1,0,0,0,0,0,1,0
1149,6,1993,1993,0.0,2,300,1199,1199,1199,2,2.0,5,0,2,530,15,0,0,1,0,0,0,0,0,1,0
2758,6,2006,2006,0.0,2,1576,1836,1846,1846,2,2.0,7,1,2,495,0,0,0,1,0,0,0,0,0,1,0
857,5,1978,2005,90.0,2,646,864,864,864,1,1.0,6,0,1,336,31,0,1,0,0,0,0,0,1,0,0
2219,8,1932,1994,0.0,2,297,853,1549,2727,2,2.0,10,2,2,440,75,0,1,0,0,0,0,0,0,1,0
733,6,1916,1950,0.0,1,0,952,952,952,1,0.0,4,1,1,192,93,1,0,0,0,0,0,0,0,1,0
2909,5,1977,1977,0.0,1,0,264,616,1304,1,1.0,5,1,1,336,29,0,0,1,0,0,0,0,0,1,0
1798,8,2006,2006,0.0,2,0,1088,1088,1959,2,2.0,8,1,3,1025,1,0,0,1,0,0,0,0,0,1,0
235,3,1938,1990,0.0,1,288,972,1052,1610,2,0.0,8,1,1,480,72,0,1,0,0,0,0,0,0,1,0
2366,5,1973,1973,200.0,1,402,765,765,1365,1,2.0,7,1,2,440,33,0,1,0,0,0,0,0,1,0,0
1027,5,1969,1969,0.0,1,280,720,720,1308,1,1.0,7,0,2,484,39,0,1,0,0,0,0,0,0,1,0
1195,5,1965,2005,0.0,2,260,912,925,925,1,1.0,5,0,2,576,43,0,1,0,0,0,0,0,0,1,0
1303,2,1946,1950,0.0,1,0,407,407,407,1,1.0,3,0,1,297,62,1,0,0,0,0,0,0,0,1,0
148,6,1959,1959,432.0,1,734,1244,1580,1580,1,1.0,6,2,2,440,51,0,1,0,0,0,0,0,0,0,1
608,5,1964,1964,144.0,1,998,1292,1292,1292,1,1.0,6,2,2,520,45,0,1,0,0,0,0,0,0,0,1
2515,7,1997,1998,0.0,2,0,569,854,1694,2,2.0,6,1,1,434,9,0,0,1,0,0,0,0,0,1,0
821,8,2008,2008,270.0,2,0,1622,1630,1630,2,3.0,8,1,3,860,1,0,0,1,0,0,0,0,0,0,1
2500,8,1991,1992,284.0,2,0,1288,1301,2417,2,2.0,9,1,2,462,15,0,1,0,0,0,0,0,1,0,0
745,5,1925,1999,0.0,1,0,960,995,995,1,1.0,5,0,1,264,84,1,0,0,0,0,0,0,0,1,0
741,5,1936,1950,0.0,1,0,927,1067,1539,1,1.0,5,0,2,576,73,1,0,0,0,0,0,0,0,1,0
1611,5,1900,1950,0.0,1,0,686,1150,1836,2,1.0,7,0,1,288,108,1,0,0,0,0,0,0,0,1,0
2532,5,1967,1967,0.0,1,400,980,980,980,2,1.0,6,0,1,384,39,0,0,1,0,0,0,0,0,1,0
1081,7,2003,2003,143.0,2,1073,1415,1455,1455,2,2.0,6,1,3,644,5,0,0,1,0,0,0,0,1,0,0
1692,9,2007,2007,456.0,3,1304,1934,1943,2656,2,3.0,8,1,3,1040,0,0,0,1,0,0,0,0,1,0,0
2520,8,1980,1980,0.0,2,860,1036,1036,1036,1,2.0,4,1,2,484,26,0,1,0,0,0,0,0,0,1,0
276,5,1965,1965,0.0,1,0,0,1664,1664,2,1.0,8,0,0,0,45,0,1,0,0,0,0,0,0,1,0
1992,5,1925,1994,0.0,1,0,702,842,1472,1,2.0,6,0,1,250,82,0,0,1,0,0,0,0,0,1,0
663,2,1940,1950,0.0,0,0,416,599,599,1,2.0,4,0,0,0,69,0,0,1,0,0,0,0,0,1,0
418,7,1976,1976,0.0,1,536,836,836,836,1,1.0,5,0,1,345,33,0,1,0,0,0,0,0,0,1,0
1733,6,2006,2007,0.0,2,0,698,698,1746,2,2.0,6,1,3,350,1,0,0,1,0,0,0,0,0,1,0
2359,6,1974,1974,176.0,1,755,1103,1103,1103,2,1.0,6,0,2,462,32,0,1,0,0,0,0,0,1,0,0
253,7,2010,2010,80.0,2,24,1222,1222,1222,2,2.0,6,0,2,615,0,0,0,1,0,0,0,0,0,0,1
1518,5,1939,1997,0.0,1,378,720,1052,2192,2,2.0,8,1,1,240,69,0,0,1,0,0,0,0,0,1,0
2035,6,1937,1950,0.0,1,0,780,780,1375,1,2.0,6,1,1,544,70,0,0,1,0,0,0,0,0,1,0
2919,4,1970,1970,0.0,1,0,546,546,1092,1,1.0,5,0,0,0,36,0,1,0,0,0,0,0,0,1,0
1540,7,1950,2000,0.0,1,435,832,1218,2161,2,2.0,8,2,2,506,58,0,1,0,0,0,0,0,0,1,0
2120,5,1994,1994,0.0,1,550,1022,1022,1022,1,1.0,6,0,2,747,13,0,0,1,0,0,0,0,0,1,0
1674,6,2001,2001,0.0,2,0,1337,1337,1337,2,2.0,5,1,2,511,6,0,0,1,0,0,0,0,0,1,0
256,6,1971,1971,80.0,1,504,1010,1052,1052,1,1.0,6,0,2,440,39,0,1,0,0,0,0,0,1,0,0
2361,4,1970,1970,0.0,1,0,864,864,864,1,1.0,5,0,1,280,36,0,1,0,0,0,0,0,0,1,0
978,4,1970,1970,0.0,1,509,630,630,630,1,1.0,3,0,1,286,39,0,1,0,0,0,0,0,0,1,0
2280,6,1996,1997,134.0,1,16,920,936,936,0,1.0,3,0,2,460,11,0,0,1,0,0,0,0,1,0,0
2095,7,1989,1989,340.0,2,421,807,1175,1982,2,2.0,7,1,2,575,18,0,1,0,0,0,0,0,1,0,0
1709,8,2004,2004,388.0,2,970,1136,1136,2468,2,2.0,10,1,3,872,3,0,0,1,0,0,0,0,1,0,0
2801,7,1998,1998,0.0,1,975,1108,1108,2097,2,2.0,8,1,2,583,8,0,0,1,0,0,0,0,0,1,0
1246,5,1952,1952,52.0,1,148,720,882,882,1,2.0,4,0,1,240,56,0,1,0,0,0,0,0,0,0,1
2373,6,1972,1972,297.0,1,0,483,483,987,1,1.0,5,1,1,288,34,0,1,0,0,0,0,0,1,0,0
1055,8,2007,2007,302.0,2,1012,1582,1582,1582,2,2.0,7,0,3,905,1,0,0,1,0,0,0,0,0,0,1
2017,5,1926,1950,0.0,1,351,756,903,1281,1,2.0,6,0,2,379,81,1,0,0,0,0,0,0,0,1,0
1099,8,1997,1997,1290.0,2,0,1173,1182,2199,2,2.0,9,1,2,516,11,0,0,1,0,0,0,0,1,0,0
1344,5,1945,1995,0.0,1,0,0,808,808,1,1.0,6,0,1,164,63,0,1,0,0,0,0,0,0,1,0
835,5,1967,1967,0.0,1,249,1013,1160,2126,2,1.0,7,0,2,538,42,0,0,1,0,0,0,0,0,1,0
1117,7,2008,2008,256.0,2,0,1417,1428,1428,2,3.0,6,0,2,554,0,0,0,1,0,0,0,0,0,0,1
2043,5,1930,1950,0.0,1,116,672,840,840,1,1.0,5,1,0,0,77,1,0,0,0,0,0,0,0,1,0
2085,5,1984,1984,149.0,2,283,1038,1038,1038,2,1.0,5,0,1,264,23,0,1,0,0,0,0,0,1,0,0
410,6,1976,1976,0.0,1,306,804,804,1548,2,1.0,7,1,2,440,33,0,1,0,0,0,0,0,0,1,0
2650,6,1920,1950,0.0,1,0,648,734,1118,1,1.0,6,0,2,440,86,1,0,0,0,0,0,0,0,1,0
2867,6,1930,1959,0.0,1,0,697,1104,1801,1,1.0,8,1,2,365,76,0,0,1,0,0,0,0,0,1,0
1668,5,1971,1971,0.0,1,412,950,950,950,1,1.0,5,0,1,280,36,0,1,0,0,0,0,0,0,1,0
1161,7,2006,2007,0.0,2,0,625,625,1250,2,2.0,5,0,2,625,2,0,0,1,0,0,0,0,0,1,0
2122,6,1995,1995,0.0,2,334,1200,1200,1200,2,2.0,6,0,2,521,12,0,0,1,0,0,0,0,0,1,0
2539,5,1967,1967,140.0,1,602,1141,1141,1141,1,1.0,6,0,1,568,39,0,0,1,0,0,0,0,1,0,0
1047,6,1977,1977,0.0,1,559,1069,1069,1069,2,1.0,4,0,2,440,31,0,1,0,0,0,0,0,0,1,0
1445,5,1975,1980,0.0,1,280,938,938,938,1,1.0,5,0,1,308,33,0,1,0,0,0,0,0,0,1,0
541,5,2004,2004,0.0,1,0,1114,1114,1114,1,2.0,6,0,0,0,5,0,0,1,0,0,0,0,0,1,0
569,6,2008,2008,280.0,2,0,1726,1726,1726,2,2.0,6,1,2,561,1,0,0,1,0,0,0,0,0,0,1
1276,6,1954,1954,0.0,1,0,832,832,832,1,2.0,4,0,2,528,54,0,1,0,0,0,0,0,0,1,0
918,7,1918,1990,0.0,1,0,600,628,1228,1,1.0,6,1,1,215,91,1,0,0,0,0,0,0,0,1,0
326,5,1999,1999,0.0,1,0,1344,1344,1344,2,1.0,7,1,2,686,11,0,0,1,0,0,0,0,0,1,0
1936,5,1956,2003,0.0,1,114,925,925,925,1,2.0,5,0,1,252,51,0,1,0,0,0,0,0,0,1,0
895,4,1959,1959,0.0,1,332,876,876,876,1,1.0,5,0,1,320,50,0,1,0,0,0,0,0,0,1,0
257,5,1996,1996,0.0,1,870,870,965,965,1,1.0,4,0,2,580,14,0,0,1,0,0,0,0,0,1,0
1241,6,1958,1958,187.0,1,958,1395,1570,1570,1,1.0,5,1,2,441,50,0,1,0,0,0,0,0,1,0,0
1545,6,1926,1998,0.0,1,299,894,919,919,1,1.0,5,0,1,195,82,1,0,0,0,0,0,0,0,1,0
1189,6,1971,2004,144.0,2,656,1258,1258,1258,2,2.0,5,0,2,528,37,0,1,0,0,0,0,0,1,0,0
270,6,2004,2004,169.0,2,662,848,848,848,1,2.0,3,0,2,420,6,0,0,1,0,0,0,0,1,0,0
2066,5,1920,1996,356.0,1,267,671,1567,2654,3,1.0,11,1,2,638,87,0,1,0,0,0,0,0,1,0,0
693,5,1910,1981,0.0,1,0,440,682,1230,1,1.0,5,0,2,440,99,0,0,1,0,0,0,0,0,1,0
1259,5,1922,1950,0.0,1,0,892,1254,1436,1,1.0,7,1,4,1488,86,1,0,0,0,0,0,0,0,1,0
2916,5,1969,1979,194.0,1,119,1104,1360,1360,1,1.0,8,1,1,336,37,0,0,1,0,0,0,0,1,0,0
2321,7,2005,2006,248.0,2,60,1700,1700,2212,2,2.0,9,1,3,773,1,0,0,1,0,0,0,0,1,0,0
1977,5,1922,1950,0.0,1,782,1022,1022,1022,1,0.0,4,1,1,184,85,0,0,1,0,0,0,0,0,1,0
1895,6,1964,1964,212.0,1,54,1130,1374,1374,1,1.0,7,1,1,286,43,0,1,0,0,0,0,0,1,0,0
1240,6,1958,1958,0.0,1,662,1261,1261,1261,1,1.0,6,1,2,433,50,0,1,0,0,0,0,0,0,1,0
85,5,1961,1995,0.0,1,899,1109,1155,1155,1,2.0,6,0,2,576,49,0,1,0,0,0,0,0,0,1,0
1823,4,1961,1961,0.0,1,932,1040,1120,1120,1,0.0,5,0,2,544,46,0,1,0,0,0,0,0,0,1,0
825,8,2007,2008,352.0,2,1359,1838,1838,1838,2,2.0,7,2,2,524,2,0,0,1,0,0,0,0,0,0,1
110,7,2002,2002,0.0,2,833,1492,1492,1492,2,2.0,6,1,2,596,8,0,0,1,0,0,0,0,0,1,0
697,5,1910,2003,0.0,1,0,240,810,1306,1,2.0,6,0,2,472,99,0,1,0,0,0,0,0,0,1,0
2297,5,1971,1971,0.0,1,796,796,796,796,1,1.0,5,0,0,0,36,0,1,0,0,0,0,0,0,1,0
1231,5,1961,1961,136.0,1,572,1144,1144,1144,1,1.0,6,0,2,456,47,0,1,0,0,0,0,0,1,0,0
1355,5,1940,1982,0.0,1,399,883,988,1505,1,1.0,8,0,1,240,68,0,1,0,0,0,0,0,0,1,0
968,9,2006,2006,584.0,3,1260,1838,1838,1838,2,3.0,8,1,3,765,3,0,0,1,0,0,0,0,1,0,0
584,7,1974,1974,0.0,1,560,752,1285,2067,2,2.0,7,2,2,784,35,0,1,0,0,0,0,0,0,1,0
1315,5,1905,2005,0.0,2,0,572,884,1540,1,2.0,7,0,0,0,103,1,0,0,0,0,0,0,0,1,0
1606,5,1982,2003,0.0,1,816,816,816,816,1,1.0,4,0,2,816,26,0,0,1,0,0,0,0,0,1,0
206,5,1963,1963,0.0,0,104,816,816,816,1,1.0,5,0,2,516,47,0,1,0,0,0,0,0,0,1,0
1685,9,2006,2007,378.0,3,1151,1790,1816,1816,2,3.0,7,1,3,730,1,0,0,1,0,0,0,0,0,0,1
2016,5,1930,1992,0.0,1,0,966,1014,1426,1,1.0,6,1,1,230,77,1,0,0,0,0,0,0,0,1,0
869,7,2001,2001,0.0,2,0,944,944,1870,2,2.0,6,0,2,608,8,0,0,1,0,0,0,0,0,1,0
2135,5,1974,1974,0.0,1,663,864,894,894,1,1.0,5,0,2,440,33,0,1,0,0,0,0,0,0,1,0
2346,6,1976,1976,120.0,1,712,796,790,1574,2,1.0,6,1,2,566,30,0,0,1,0,0,0,0,1,0,0
2430,7,2006,2006,45.0,2,1070,1356,1500,1500,2,2.0,6,1,3,648,0,0,0,1,0,0,0,0,1,0,0
2198,5,1926,1950,0.0,1,0,768,789,789,1,1.0,5,0,1,200,81,1,0,0,0,0,0,0,0,1,0
2652,5,1955,1955,0.0,1,576,960,960,960,1,1.0,5,0,2,576,51,0,1,0,0,0,0,0,0,1,0
27,4,1970,1970,0.0,1,804,882,882,882,1,1.0,4,0,2,525,40,0,1,0,0,0,0,0,0,1,0
241,6,2009,2009,0.0,1,36,1212,1212,1212,2,2.0,6,0,2,460,1,0,0,1,0,0,0,0,0,1,0
906,5,1938,1950,88.0,1,832,832,832,1268,1,1.0,7,2,1,250,71,0,0,1,0,0,0,0,1,0,0
1506,5,1938,2007,0.0,1,0,585,585,1053,1,3.0,5,0,0,0,70,0,0,1,0,0,0,0,0,1,0
2098,8,2006,2007,340.0,2,1150,1466,1466,2828,3,2.0,11,1,3,1052,1,0,0,1,0,0,0,0,0,0,1
1435,7,1997,1998,150.0,1,1308,1418,1418,1418,2,2.0,5,1,2,558,11,0,0,1,0,0,0,0,1,0,0
2213,5,1951,1951,0.0,1,0,0,1226,1226,1,1.0,7,1,2,400,56,0,1,0,0,0,0,0,0,1,0
1274,6,1948,1950,0.0,1,315,768,819,1320,2,1.0,5,0,2,576,60,0,1,0,0,0,0,0,0,1,0
743,2,1936,1950,0.0,0,0,264,800,800,1,0.0,4,1,0,0,73,1,0,0,0,0,0,0,0,1,0
1737,7,2007,2007,0.0,2,24,1340,1340,1340,2,2.0,6,0,2,396,0,0,0,1,0,0,0,0,0,1,0
2797,8,1999,1999,261.0,2,920,1090,1090,2214,2,2.0,8,1,3,646,7,0,0,1,0,0,0,0,1,0,0
2185,4,1955,1955,128.0,1,0,0,1152,1152,2,0.0,6,0,0,0,52,0,0,1,0,0,0,1,0,0,0
58,7,2000,2000,0.0,1,250,384,774,1430,2,1.0,7,1,2,400,10,0,0,1,0,0,0,0,0,1,0
830,7,2007,2007,82.0,2,724,1232,1232,1232,2,2.0,6,0,2,632,2,0,0,1,0,0,0,0,0,0,1
808,5,1979,1979,0.0,1,0,0,1535,1535,2,1.0,8,0,2,410,30,0,0,0,1,0,0,0,0,1,0
680,5,1950,1982,0.0,1,180,1208,1136,1904,1,1.0,7,0,1,240,59,0,1,0,0,0,0,0,0,1,0
1153,5,1968,1968,0.0,1,890,890,890,890,1,1.0,5,0,1,308,40,0,1,0,0,0,0,0,0,1,0
1291,6,1915,2005,0.0,2,0,728,728,1456,1,2.0,7,0,1,308,93,1,0,0,0,0,0,0,0,1,0
1818,5,1977,1977,320.0,1,0,0,2020,2020,2,1.0,10,2,2,630,30,0,0,0,1,0,0,0,1,0,0
2161,7,2007,2007,0.0,2,0,738,738,1476,2,2.0,7,0,2,552,0,0,0,1,0,0,0,0,0,1,0
1883,5,1960,1960,66.0,1,0,1065,1065,1065,1,1.0,6,0,2,461,47,0,1,0,0,0,0,1,0,0,0
350,8,2004,2005,0.0,2,1965,2208,2522,2522,2,2.0,8,1,2,564,5,0,0,1,0,0,0,0,0,1,0
2473,6,2005,2006,0.0,1,0,1131,1131,1131,1,2.0,6,0,0,0,1,0,0,1,0,0,0,0,0,1,0
295,5,1950,1991,430.0,1,375,1032,1102,2177,2,1.0,11,0,2,484,60,0,1,0,0,0,0,0,1,0,0
293,6,1919,1990,0.0,1,0,804,1699,2447,2,2.0,10,1,1,336,91,0,0,1,0,0,0,0,0,1,0
859,5,1972,1972,0.0,1,460,864,864,864,1,1.0,5,1,1,338,37,0,1,0,0,0,0,0,0,1,0
288,3,1914,1950,0.0,1,203,864,864,864,1,1.0,5,0,1,200,96,1,0,0,0,0,0,0,0,1,0
1578,5,2006,2007,0.0,1,0,384,754,1394,2,2.0,7,0,2,400,2,0,0,1,0,0,0,0,0,1,0
102,6,2000,2000,1159.0,2,466,756,756,1512,2,2.0,5,0,2,440,10,0,0,1,0,0,0,0,1,0,0
2831,6,2004,2006,50.0,2,0,970,970,1709,2,2.0,7,0,2,380,2,0,0,1,0,0,0,0,0,0,1
1030,6,1976,1976,120.0,1,0,1444,1444,1444,2,1.0,5,1,2,473,32,0,1,0,0,0,0,0,1,0,0
2551,5,1960,1960,88.0,1,632,1248,1248,1248,1,1.0,6,0,1,286,46,0,1,0,0,0,0,0,1,0,0
1286,5,1904,2002,0.0,1,0,650,958,1539,2,2.0,8,1,2,686,104,0,0,1,0,0,0,0,0,1,0
958,9,2007,2008,70.0,2,1022,1620,1620,1620,2,3.0,6,1,3,912,2,0,0,1,0,0,0,0,0,0,1
776,5,1982,1982,0.0,1,672,840,860,860,1,1.0,4,0,2,528,27,0,1,0,0,0,0,0,0,1,0
72,6,2005,2005,0.0,2,1414,1468,1468,1468,2,2.0,6,1,2,528,5,0,0,1,0,0,0,0,0,1,0
2263,8,2007,2007,80.0,2,0,1571,1571,1571,2,2.0,7,1,3,722,0,0,0,1,0,0,0,0,1,0,0
1866,6,1969,1969,0.0,1,973,973,1082,1082,1,1.0,6,0,2,480,38,0,0,1,0,0,0,0,0,1,0
2876,4,1925,1950,0.0,1,0,641,641,641,1,0.0,4,0,1,272,81,1,0,0,0,0,0,0,0,1,0
2146,8,2002,2002,149.0,2,0,1284,1284,2169,2,2.0,7,1,2,647,5,0,0,1,0,0,0,0,1,0,0
103,7,1999,1999,0.0,2,604,696,696,1416,2,2.0,6,0,2,484,11,0,0,1,0,0,0,0,0,1,0
1500,6,2005,2005,80.0,1,459,547,1072,1072,1,1.0,5,0,2,525,3,0,0,1,0,0,0,0,1,0,0
492,6,1999,1999,0.0,1,0,841,892,1675,2,1.0,7,1,2,502,10,0,0,1,0,0,0,0,0,1,0
167,5,1960,1960,0.0,1,588,1175,1175,1175,1,1.0,6,0,2,484,50,0,1,0,0,0,0,0,0,1,0
2597,5,1954,2000,0.0,1,415,833,833,833,1,2.0,4,0,1,326,52,0,1,0,0,0,0,0,0,1,0
2685,5,1922,1950,0.0,1,0,993,1048,1048,1,1.0,5,1,1,280,84,1,0,0,0,0,0,0,0,1,0
1035,6,1969,1969,0.0,1,602,1054,1054,1054,1,1.0,6,0,2,460,39,0,1,0,0,0,0,0,0,1,0
1220,3,1949,1950,0.0,1,0,0,720,720,1,1.0,4,0,1,287,59,0,1,0,0,0,0,0,0,1,0
2602,6,1915,1950,0.0,1,338,663,774,1595,2,1.0,7,1,2,528,91,0,1,0,0,0,0,0,0,1,0
2159,7,2003,2004,0.0,2,0,847,847,1928,2,2.0,8,1,2,434,4,0,0,1,0,0,0,0,0,1,0
695,6,1910,1950,0.0,1,633,972,972,1944,2,1.0,12,0,2,324,99,0,1,0,0,0,0,0,0,1,0
1109,7,1994,1994,448.0,2,1000,1223,1223,2127,2,2.0,5,2,2,525,14,0,0,1,0,0,0,0,1,0,0
640,6,1962,1962,399.0,1,672,1362,1382,1382,1,1.0,6,1,2,884,47,0,1,0,0,0,0,0,1,0,0
1652,6,1978,1978,233.0,1,605,1032,1032,1032,2,1.0,6,1,2,564,29,0,1,0,0,0,0,0,1,0,0
2090,6,1984,1984,0.0,1,0,1105,1105,1822,2,2.0,7,1,2,515,23,0,1,0,0,0,0,0,0,1,0
1188,6,1968,1968,0.0,1,301,1740,1740,1740,1,1.0,8,1,2,512,40,0,1,0,0,0,0,0,0,1,0
2345,7,1977,1994,34.0,1,795,795,1468,2263,2,2.0,9,1,2,539,29,0,1,0,0,0,0,0,1,0,0
1059,9,2006,2006,270.0,2,1420,1850,1850,2748,2,3.0,9,1,3,850,2,0,0,1,0,0,0,0,1,0,0
2751,7,2005,2006,0.0,2,0,1308,1308,1876,2,2.0,7,0,3,848,1,0,0,1,0,0,0,0,0,1,0
128,5,1952,2002,265.0,2,670,1140,1929,2461,2,1.0,7,2,2,400,58,0,1,0,0,0,0,0,1,0,0
1523,6,1930,1950,0.0,1,281,960,960,1920,2,1.0,10,2,2,480,78,1,0,0,0,0,0,0,0,1,0
2925,5,1960,1996,0.0,1,1224,1224,1224,1224,1,1.0,7,1,2,576,46,0,1,0,0,0,0,0,0,1,0
2145,8,2004,2005,246.0,2,1464,2000,2000,2000,2,2.0,8,0,3,888,3,0,0,1,0,0,0,0,0,0,1
1121,8,2007,2008,0.0,2,24,1363,1372,1372,2,2.0,6,0,2,588,1,0,0,1,0,0,0,0,0,1,0
566,7,2004,2005,0.0,2,0,1376,1376,3005,2,2.0,9,1,3,704,5,0,0,1,0,0,0,0,0,1,0
565,7,1991,2008,196.0,2,601,975,975,1755,2,2.0,7,1,2,524,18,0,0,1,0,0,0,0,1,0,0
1331,5,1935,1950,0.0,1,175,1024,1144,1738,2,1.0,6,1,1,240,73,1,0,0,0,0,0,0,0,1,0
2928,5,1992,1992,0.0,1,337,912,970,970,1,1.0,6,0,0,0,14,0,0,1,0,0,0,0,0,1,0
156,5,1954,2003,104.0,1,320,1086,1086,1086,1,1.0,6,0,2,490,56,0,1,0,0,0,0,0,1,0,0
797,5,1949,2008,0.0,1,292,768,1148,1716,1,1.0,8,1,1,281,60,0,1,0,0,0,0,0,0,1,0
327,4,1973,1973,0.0,1,334,546,546,1092,1,1.0,6,0,1,286,37,0,1,0,0,0,0,0,0,1,0
2859,6,1920,1950,0.0,1,0,817,940,1550,1,1.0,7,1,1,318,86,0,0,1,0,0,0,0,0,1,0
1453,5,1972,1972,0.0,1,632,780,780,780,1,1.0,4,0,1,352,36,0,1,0,0,0,0,0,0,1,0
1762,8,1997,1998,515.0,2,1181,1779,1779,2551,2,2.0,8,2,3,925,10,0,0,1,0,0,0,0,1,0,0
1868,7,1972,1987,0.0,1,346,1124,1610,1610,2,2.0,8,1,2,515,35,0,1,0,0,0,0,0,0,1,0
1760,6,1999,2000,0.0,1,0,941,961,1644,2,1.0,7,1,2,460,8,0,0,1,0,0,0,0,0,1,0
1113,8,2006,2006,53.0,2,24,1574,1574,1574,2,2.0,7,1,3,824,2,0,0,1,0,0,0,0,1,0,0
1812,6,1993,1997,0.0,2,480,864,920,1820,2,2.0,7,0,2,492,14,0,0,1,0,0,0,0,0,1,0
117,6,1971,1971,0.0,1,329,715,930,1645,1,1.0,7,0,2,441,39,0,1,0,0,0,0,0,0,1,0
1142,6,1994,1998,258.0,1,1138,1408,1679,1679,2,2.0,7,1,2,575,14,0,0,1,0,0,0,0,1,0,0
2342,9,2005,2005,420.0,3,1416,1910,2000,2000,2,3.0,8,2,3,722,1,0,0,1,0,0,0,0,1,0,0
927,5,1954,1954,0.0,1,154,1112,1112,1112,1,1.0,6,1,1,390,55,1,0,0,0,0,0,0,0,1,0
2478,6,1997,1998,0.0,1,0,941,941,1837,2,1.0,7,0,2,688,9,0,0,1,0,0,0,0,0,1,0
655,3,1958,1958,0.0,1,0,792,792,792,1,1.0,4,0,1,366,51,0,1,0,0,0,0,0,0,1,0
2064,5,1966,1966,0.0,1,216,912,912,912,1,2.0,6,0,1,315,41,0,1,0,0,0,0,0,0,1,0
369,7,2005,2005,16.0,2,1274,1530,1530,1530,2,2.0,7,1,2,430,4,0,0,1,0,0,0,0,0,0,1
2239,6,1920,1950,0.0,1,0,1012,1012,1012,1,1.0,6,1,1,308,87,1,0,0,0,0,0,0,0,1,0
2732,7,1986,1986,0.0,1,1082,1453,1453,1453,1,2.0,6,1,2,445,20,0,0,1,0,0,0,0,0,1,0
1653,6,1984,1984,98.0,1,781,1153,1177,1177,2,2.0,6,0,2,495,23,0,1,0,0,0,0,0,1,0,0
959,7,2009,2009,0.0,1,0,846,846,1692,2,2.0,6,0,2,650,0,0,0,1,0,0,0,0,0,1,0
2395,8,2005,2006,142.0,2,880,1524,1544,2358,2,3.0,10,1,3,784,1,0,0,1,0,0,0,0,1,0,0
1412,5,1975,1975,0.0,1,864,864,864,864,1,1.0,4,0,0,0,33,0,0,1,0,0,0,0,0,1,0
271,8,2003,2003,171.0,2,370,1657,1668,1668,2,2.0,8,1,2,502,7,0,0,1,0,0,0,0,1,0,0
1484,6,2004,2004,205.0,2,662,848,848,848,1,2.0,3,1,2,420,4,0,0,1,0,0,0,0,1,0,0
1497,4,2005,2005,0.0,1,1024,1132,1132,1132,1,2.0,5,0,2,451,3,0,0,1,0,0,0,0,0,1,0
552,6,1981,1981,0.0,1,0,0,964,1882,2,1.0,8,2,2,612,28,0,0,0,1,0,0,0,0,1,0
2,5,1961,1961,0.0,1,468,882,896,896,1,1.0,5,0,1,730,49,0,1,0,0,0,0,0,0,1,0
1855,7,1980,1980,600.0,2,1732,2002,2362,2362,2,2.0,8,1,2,546,27,0,1,0,0,0,0,0,1,0,0
4,7,1968,1968,0.0,2,1065,2110,2110,2110,2,3.0,8,2,2,522,42,0,1,0,0,0,0,0,0,1,0
2292,6,1976,1976,0.0,1,539,1029,1062,1062,1,1.0,5,2,2,539,31,0,0,1,0,0,0,0,0,1,0
134,5,1954,1954,200.0,1,540,1268,1268,1268,1,1.0,7,1,1,244,56,0,0,1,0,0,0,0,1,0,0
646,4,1955,1955,0.0,1,0,1005,1005,1005,1,0.0,5,1,2,672,54,0,1,0,0,0,0,0,0,1,0
42,9,2005,2005,615.0,2,110,1698,1698,1698,2,3.0,7,1,3,730,5,0,0,1,0,0,0,0,1,0,0
532,7,2003,2004,0.0,2,771,1553,1553,1553,2,2.0,6,0,2,588,6,0,0,1,0,0,0,0,0,1,0
713,4,1920,2008,0.0,1,0,736,736,1452,2,1.0,8,0,0,0,89,1,0,0,0,0,0,0,0,1,0
2561,5,1951,1951,144.0,1,996,1056,1216,1216,1,1.0,7,0,1,280,55,0,1,0,0,0,0,0,0,0,1
2360,5,1969,1969,0.0,1,75,1096,1096,1096,1,1.0,6,0,1,299,37,0,1,0,0,0,0,0,0,1,0
1333,5,1941,2006,0.0,1,600,672,832,1210,1,2.0,6,0,1,240,67,0,1,0,0,0,0,0,0,1,0
1407,6,1908,1997,0.0,1,0,907,1307,2358,3,1.0,10,1,2,360,100,1,0,0,0,0,0,0,0,1,0
2892,7,1989,1990,293.0,2,965,1210,1238,2519,2,2.0,9,2,2,628,17,0,0,1,0,0,0,0,1,0,0
574,8,1999,2000,456.0,2,649,970,983,1739,2,2.0,7,0,2,480,10,0,0,1,0,0,0,0,1,0,0
1227,6,1955,1996,0.0,1,831,992,1661,1661,1,2.0,8,1,1,377,53,0,1,0,0,0,0,0,0,1,0
2591,7,1941,1963,0.0,2,0,929,2039,2039,1,1.0,7,3,3,791,65,0,1,0,0,0,0,0,0,1,0
1476,7,2004,2004,266.0,2,946,1436,1436,1436,2,2.0,8,0,2,484,4,0,0,1,0,0,0,0,1,0,0
1125,8,2003,2004,768.0,2,0,1053,1053,1992,2,2.0,9,1,2,648,5,0,0,1,0,0,0,0,1,0,0
1446,5,1977,1977,220.0,2,595,985,985,985,2,1.0,6,0,1,328,31,0,1,0,0,0,0,0,1,0,0
408,5,1972,1972,268.0,1,231,630,630,1302,2,1.0,6,0,1,264,37,0,1,0,0,0,0,0,1,0,0
1101,8,2000,2000,350.0,2,655,1145,1145,2198,2,2.0,9,1,3,836,8,0,0,1,0,0,0,0,1,0,0
2251,5,2002,2002,166.0,2,585,1441,1392,1392,2,2.0,6,1,3,650,5,0,0,1,0,0,0,0,1,0,0
373,7,1977,1977,209.0,1,822,1386,1411,1411,2,1.0,6,1,2,544,32,0,1,0,0,0,0,0,1,0,0
2554,5,1947,1950,0.0,1,0,938,1043,1043,1,1.0,5,1,1,273,59,0,1,0,0,0,0,0,0,1,0
2382,8,2004,2004,232.0,2,0,1618,1618,1618,2,2.0,6,1,3,880,2,0,0,1,0,0,0,0,1,0,0
1985,4,1900,1950,0.0,1,122,570,761,1141,1,1.0,6,0,1,252,107,1,0,0,0,0,0,0,0,1,0
519,8,2009,2009,72.0,2,936,1300,1314,1314,2,2.0,6,0,2,552,0,0,0,1,0,0,0,0,0,0,1
1093,6,2000,2000,318.0,1,0,936,962,1792,2,1.0,8,1,2,451,8,0,0,1,0,0,0,0,1,0,0
864,8,2003,2003,198.0,2,0,1068,1068,2184,2,2.0,8,1,2,570,6,0,0,1,0,0,0,0,1,0,0
2889,6,1977,1977,90.0,1,975,975,1004,1004,1,1.0,4,0,2,504,29,0,1,0,0,0,0,0,1,0,0
2308,5,1957,1957,302.0,1,1127,1617,1797,1797,1,1.0,7,1,3,963,49,0,1,0,0,0,0,0,0,0,1
986,5,1993,1995,0.0,1,732,796,796,1362,1,1.0,5,0,2,480,16,0,0,0,0,0,1,0,0,1,0
1302,5,1946,1950,0.0,1,445,904,904,1499,1,1.0,5,1,3,869,62,0,1,0,0,0,0,0,0,1,0
585,6,1972,1972,0.0,1,593,723,735,1395,1,1.0,6,1,2,497,37,0,1,0,0,0,0,0,0,1,0
2708,6,1963,2003,0.0,1,663,1059,1068,1068,1,1.0,6,0,1,264,43,0,1,0,0,0,0,0,0,1,0
147,5,1959,1959,91.0,1,936,1206,1206,1206,1,1.0,6,0,1,312,51,0,1,0,0,0,0,0,1,0,0
1441,7,2002,2002,99.0,2,922,1494,1494,1494,2,2.0,6,1,2,530,6,0,0,1,0,0,0,0,1,0,0
383,5,1976,1976,44.0,1,381,780,1088,1868,2,2.0,9,1,2,484,33,0,1,0,0,0,0,0,1,0,0
285,5,1957,2002,145.0,1,383,1216,1526,1526,1,1.0,7,1,1,364,53,0,1,0,0,0,0,0,0,0,1
181,5,1920,1962,0.0,1,176,1008,1060,1245,1,1.0,6,0,1,315,90,1,0,0,0,0,0,0,0,1,0
358,6,1993,1993,68.0,3,310,680,680,1470,2,1.0,6,1,2,420,16,0,0,1,0,0,0,0,1,0,0
780,5,1956,1956,366.0,1,0,825,2071,2071,1,1.0,9,1,1,336,53,0,1,0,0,0,0,0,1,0,0
258,7,1997,1998,0.0,1,353,878,892,1692,2,1.0,8,1,2,513,13,0,0,1,0,0,0,0,0,1,0
1865,6,1970,1970,525.0,1,915,1008,1403,2411,2,1.0,8,1,2,570,37,0,1,0,0,0,0,0,1,0,0
692,6,1926,2004,0.0,1,468,818,818,1224,1,1.0,5,0,1,210,83,0,1,0,0,0,0,0,0,1,0
2902,8,2005,2006,208.0,2,1460,1868,2028,2028,2,2.0,7,2,3,880,1,0,0,1,0,0,0,0,1,0,0
508,8,2008,2008,240.0,2,0,1696,1696,1696,2,2.0,7,0,3,972,1,0,0,1,0,0,0,0,0,0,1
2638,5,1948,1950,264.0,1,276,1212,1226,1668,1,1.0,6,0,1,240,58,0,1,0,0,0,0,0,0,0,1
36,6,1978,1978,0.0,1,311,855,855,1456,2,1.0,7,1,2,440,32,0,1,0,0,0,0,0,0,1,0
611,6,1964,1964,115.0,1,564,1127,1445,1445,1,1.0,7,1,2,645,45,0,1,0,0,0,0,0,1,0,0
2281,4,1963,1963,0.0,1,633,1064,1040,1040,1,1.0,5,0,2,648,44,0,0,1,0,0,0,0,0,1,0
1678,6,1973,1973,265.0,1,0,672,672,1218,1,3.0,7,0,1,264,34,0,1,0,0,0,0,0,1,0,0
1696,9,2007,2007,456.0,3,1812,2552,2552,2552,2,3.0,8,2,3,932,0,0,0,1,0,0,0,0,0,0,1
1557,4,1910,2000,0.0,1,0,356,671,1049,1,1.0,5,0,1,195,98,0,0,1,0,0,0,0,0,1,0
2180,5,2005,2006,0.0,1,611,734,734,1408,2,1.0,6,0,2,489,2,0,0,1,0,0,0,0,0,1,0
1726,8,2006,2006,176.0,2,24,1324,1324,1324,2,2.0,6,1,2,550,1,0,0,1,0,0,0,0,1,0,0
951,6,1977,1977,0.0,1,767,902,926,926,1,1.0,5,1,1,351,32,0,1,0,0,0,0,0,0,1,0
267,7,1997,1997,0.0,2,0,1040,1044,2098,2,2.0,9,1,2,621,13,0,0,1,0,0,0,0,0,1,0
2706,4,1963,1979,51.0,1,547,1051,1382,1382,1,1.0,6,1,2,459,43,0,1,0,0,0,0,0,1,0,0
2221,6,1957,2004,106.0,1,1186,1477,1839,1839,2,2.0,7,2,2,416,50,0,0,1,0,0,0,0,1,0,0
1357,6,1910,1983,0.0,1,196,1242,1242,1984,2,1.0,8,0,1,360,98,0,0,1,0,0,0,0,0,1,0
2901,8,2005,2006,198.0,2,1350,1728,1960,1960,2,2.0,8,2,3,714,1,0,0,1,0,0,0,0,0,0,1
347,7,1996,1997,32.0,1,284,384,958,1628,2,1.0,7,1,2,390,13,0,0,1,0,0,0,0,1,0,0
2164,7,2005,2005,0.0,2,709,1169,1190,1190,2,2.0,5,0,2,578,2,0,0,1,0,0,0,0,0,1,0
1586,8,2003,2003,226.0,2,871,1482,1482,2262,2,2.0,10,2,3,749,5,0,0,1,0,0,0,0,0,0,1
360,6,1993,1993,45.0,1,0,1181,1190,1190,2,2.0,6,1,2,430,16,0,0,1,0,0,0,0,1,0,0
1769,7,1996,1997,0.0,2,862,1117,1127,2013,2,1.0,8,1,2,455,11,0,0,1,0,0,0,0,0,1,0
2617,7,1959,1959,58.0,1,0,0,1472,1472,2,2.0,5,1,2,484,47,0,0,0,1,0,0,1,0,0,0
1879,5,1964,1964,84.0,1,40,1728,1728,1728,2,1.0,10,0,1,352,43,0,1,0,0,0,0,0,1,0,0
991,6,1970,1970,0.0,1,865,1205,2117,2117,2,1.0,7,2,2,550,38,0,1,0,0,0,0,0,0,1,0
1535,5,1938,1950,0.0,1,0,884,932,1374,1,1.0,6,0,1,225,70,1,0,0,0,0,0,0,0,1,0
1191,5,1965,1965,0.0,1,0,1625,1625,1625,2,1.0,8,0,2,484,43,0,1,0,0,0,0,0,0,1,0
1579,7,2008,2008,60.0,2,0,796,796,1612,2,2.0,6,0,3,666,0,0,0,1,0,0,0,0,0,0,1
1882,6,1960,1998,0.0,1,498,958,958,958,1,1.0,5,0,1,301,47,0,1,0,0,0,0,0,0,1,0
1510,4,1954,1972,0.0,1,0,941,997,1470,2,1.0,7,0,1,548,54,0,0,1,0,0,0,0,0,1,0
2196,5,1923,1950,0.0,1,371,1296,1296,2592,2,1.0,12,0,0,0,84,0,0,1,0,0,0,0,0,1,0
1845,6,2000,2000,513.0,2,420,756,756,1512,2,2.0,4,1,2,440,7,0,0,1,0,0,0,0,1,0,0
2336,9,2005,2006,550.0,2,0,1390,1390,2795,3,3.0,10,1,3,660,1,0,0,1,0,0,0,0,1,0,0
942,5,1920,1950,0.0,1,0,596,596,1192,1,1.0,6,0,1,189,89,0,0,1,0,0,0,0,0,1,0
861,5,1972,2003,0.0,1,660,768,768,768,1,1.0,5,0,1,396,37,0,1,0,0,0,0,0,0,1,0
2555,4,1946,1950,0.0,1,384,747,774,1230,1,1.0,5,0,1,305,60,0,1,0,0,0,0,0,0,1,0
1392,5,1954,1954,0.0,1,1064,1383,1383,1383,1,1.0,6,1,1,354,54,0,0,1,0,0,0,0,0,1,0
2099,8,2007,2007,306.0,2,0,1643,1651,1651,2,2.0,7,1,3,870,0,0,0,1,0,0,0,0,0,0,1
1543,6,1980,1980,0.0,1,366,516,516,1032,1,1.0,5,1,2,462,28,0,1,0,0,0,0,0,0,1,0
948,7,2003,2003,0.0,2,1351,1434,1518,2149,1,2.0,6,1,2,670,6,0,0,1,0,0,0,0,0,1,0
1239,5,1959,1998,0.0,1,1053,1248,1440,1440,2,2.0,7,0,1,480,49,0,1,0,0,0,0,0,0,1,0
22,7,1974,1974,81.0,1,885,1053,1173,1173,2,2.0,6,2,2,528,36,0,1,0,0,0,0,0,1,0,0
2796,7,2002,2002,295.0,2,986,1654,1654,1654,2,2.0,6,0,3,900,4,0,0,1,0,0,0,0,0,0,1
2747,6,1985,1985,85.0,2,1258,1298,1298,1298,2,2.0,5,1,2,403,21,0,1,0,0,0,0,0,1,0,0
92,8,1993,1993,504.0,2,250,1231,1251,2349,2,2.0,9,1,3,762,17,0,0,1,0,0,0,0,1,0,0
210,5,1959,1959,90.0,1,766,1422,1675,1675,2,1.0,8,2,1,365,51,0,1,0,0,0,0,0,1,0,0
1858,8,1978,1998,0.0,2,881,1057,1295,1295,1,2.0,4,2,2,571,29,0,1,0,0,0,0,0,0,1,0
2228,8,1988,1988,0.0,1,577,1004,1020,1020,1,1.0,4,0,2,509,19,0,1,0,0,0,0,0,0,1,0
447,7,2009,2009,268.0,2,0,1502,1502,1502,2,2.0,7,0,2,644,0,0,0,1,0,0,0,0,0,0,1
827,7,2006,2006,180.0,2,1334,1604,1604,1604,2,2.0,8,1,2,660,3,0,0,1,0,0,0,0,0,0,1
1649,7,1979,1979,549.0,1,758,780,1085,1930,2,2.0,9,1,2,481,28,0,1,0,0,0,0,0,1,0,0
682,5,1958,1965,0.0,1,504,1029,1339,1339,1,1.0,6,0,1,294,51,0,1,0,0,0,0,0,0,1,0
2698,6,1930,1950,0.0,1,343,984,984,984,1,1.0,6,0,1,308,76,1,0,0,0,0,0,0,0,1,0
494,7,1999,1999,0.0,1,0,384,774,1430,2,1.0,7,1,2,410,10,0,0,1,0,0,0,0,0,1,0
214,4,1907,1950,0.0,1,73,707,942,1884,1,1.0,7,0,0,0,103,0,1,0,0,0,0,0,0,1,0
2441,7,2006,2006,0.0,2,0,1035,1082,2322,3,2.0,8,0,3,617,0,0,0,1,0,0,0,0,0,1,0
2679,5,1925,1950,0.0,1,489,768,1015,1015,1,1.0,6,0,1,450,81,1,0,0,0,0,0,0,0,1,0
1336,5,1924,2003,0.0,1,0,949,949,949,1,1.0,5,1,2,370,84,1,0,0,0,0,0,0,0,1,0
465,7,2005,2005,0.0,2,0,728,728,1456,2,2.0,8,1,2,390,4,0,0,1,0,0,0,0,0,1,0
1524,6,1926,1950,0.0,1,379,644,672,1316,1,1.0,6,1,1,369,82,1,0,0,0,0,0,0,0,1,0
2543,5,1958,1958,0.0,1,521,864,864,864,1,1.0,5,0,2,624,48,0,1,0,0,0,0,0,0,1,0
631,5,1956,1956,164.0,2,856,1169,1144,1144,1,1.0,6,0,1,286,53,0,1,0,0,0,0,0,1,0,0
2452,8,1994,1995,501.0,2,380,1290,1305,2494,2,2.0,9,1,3,803,12,0,0,1,0,0,0,0,1,0,0
228,6,1978,1978,328.0,1,438,672,672,1386,2,1.0,6,1,2,440,32,0,1,0,0,0,0,1,0,0,0
126,5,1962,2001,144.0,1,1500,1728,1728,1728,2,1.0,10,0,0,0,48,0,1,0,0,0,0,0,1,0,0
1092,7,2007,2008,176.0,2,876,1350,1358,1358,2,2.0,6,1,2,484,1,0,0,1,0,0,0,0,0,0,1
1122,7,2007,2008,0.0,2,0,1372,1372,1372,2,2.0,6,0,2,529,1,0,0,1,0,0,0,0,0,1,0
932,6,1954,1954,420.0,1,784,1310,1906,1906,1,1.0,6,2,2,576,55,0,0,1,0,0,0,0,0,0,1
1980,4,1885,1995,0.0,1,0,641,1047,1047,1,1.0,6,0,1,273,122,1,0,0,0,0,0,0,0,1,0
2171,4,1965,1965,48.0,1,520,960,960,960,1,1.0,6,0,1,432,42,0,1,0,0,0,0,0,1,0,0
551,6,1986,1986,141.0,1,331,676,698,1400,2,1.0,6,0,2,465,23,0,1,0,0,0,0,0,1,0,0
2768,6,1968,1968,0.0,1,853,1388,1388,1388,2,1.0,6,1,2,522,38,0,1,0,0,0,0,0,0,1,0
2056,5,1966,1966,0.0,1,180,894,894,894,1,1.0,5,0,1,384,41,0,1,0,0,0,0,0,0,1,0
1159,9,1993,1994,568.0,2,520,1848,1827,2786,2,2.0,10,1,2,636,15,0,0,1,0,0,0,0,1,0,0
2645,4,1900,1950,0.0,2,0,938,1084,1951,2,0.0,9,0,2,576,106,0,0,1,0,0,0,0,0,1,0
1174,7,1999,2000,216.0,2,600,672,684,1404,2,2.0,5,0,2,462,9,0,0,1,0,0,0,0,1,0,0
2266,7,1990,1991,117.0,2,902,1156,1187,1717,2,2.0,7,1,2,400,17,0,1,0,0,0,0,0,1,0,0
2462,9,2006,2006,0.0,2,1836,2036,2036,2640,3,3.0,11,1,3,792,0,0,0,1,0,0,0,0,0,1,0
1219,5,1960,2000,0.0,1,528,1118,1118,1118,1,2.0,6,0,1,264,48,0,1,0,0,0,0,0,0,1,0
2922,6,1976,1976,0.0,1,936,1728,1728,1728,2,1.0,8,0,2,574,30,0,1,0,0,0,0,0,0,1,0
118,5,1966,1966,172.0,1,698,1232,1232,1232,1,1.0,6,0,2,490,44,0,1,0,0,0,0,0,1,0,0
474,7,2005,2006,11.0,2,16,1145,1145,1145,2,2.0,5,1,2,397,4,0,0,1,0,0,0,0,1,0,0
2576,6,1960,1960,175.0,1,565,1383,1383,1383,1,1.0,7,0,1,292,46,0,1,0,0,0,0,0,1,0,0
872,8,2002,2003,164.0,2,1360,1822,1828,1828,2,2.0,7,1,2,523,7,0,0,1,0,0,0,0,1,0,0
1077,8,2006,2007,196.0,2,24,1342,1342,1342,2,2.0,6,1,2,550,2,0,0,1,0,0,0,0,1,0,0
1536,6,1951,1951,88.0,1,500,1091,1091,1091,1,1.0,5,1,1,344,57,0,0,1,0,0,0,0,1,0,0
1150,5,1963,1963,0.0,1,53,984,984,984,1,1.0,5,1,1,384,45,0,0,1,0,0,0,0,0,1,0
2341,8,2005,2006,238.0,2,1422,1814,1826,1826,2,2.0,7,1,3,758,1,0,0,1,0,0,0,0,1,0,0
1931,5,1953,2006,0.0,1,408,864,1154,1154,1,3.0,6,0,1,336,54,0,1,0,0,0,0,0,0,1,0
2785,5,1969,1969,0.0,1,523,971,971,971,1,1.0,5,1,1,300,37,0,1,0,0,0,0,0,0,1,0
2538,5,1966,1966,0.0,1,799,1051,1051,1051,1,1.0,6,0,1,264,40,0,1,0,0,0,0,0,0,1,0
597,7,1974,1974,252.0,1,698,1165,1165,2061,2,1.0,8,1,2,498,35,0,1,0,0,0,0,0,1,0,0
464,7,2003,2004,106.0,2,567,764,764,1626,2,2.0,6,0,2,474,6,0,0,1,0,0,0,0,0,0,1
233,7,1979,1979,0.0,2,1258,1332,1332,1524,0,2.0,4,1,2,586,31,0,0,1,0,0,0,0,0,1,0
2169,5,1967,1967,162.0,1,936,936,936,936,1,1.0,4,1,1,384,40,0,1,0,0,0,0,0,1,0,0
2123,6,1997,2006,0.0,1,539,635,646,1308,2,2.0,6,0,2,497,10,0,0,1,0,0,0,0,0,1,0
1867,6,1968,1968,196.0,1,910,1295,1295,1295,1,1.0,6,0,2,528,39,0,0,1,0,0,0,0,1,0,0
137,7,1970,1989,287.0,1,912,1947,2207,2207,2,1.0,7,1,2,576,40,0,1,0,0,0,0,0,1,0,0
515,7,2009,2009,0.0,1,822,900,932,1852,2,2.0,7,1,2,644,0,0,0,1,0,0,0,0,0,1,0
933,6,1980,1980,0.0,1,0,516,516,1032,1,1.0,5,1,2,452,29,0,1,0,0,0,0,0,0,1,0
2784,6,1978,1978,123.0,1,595,995,1282,1282,2,1.0,6,0,3,672,28,0,1,0,0,0,0,0,1,0,0
972,6,1998,1998,320.0,1,866,1204,1204,1204,2,1.0,5,0,2,412,11,0,0,1,0,0,0,0,1,0,0
599,6,1967,1967,0.0,1,251,1372,1342,1342,2,1.0,7,1,2,457,42,0,1,0,0,0,0,0,0,1,0
2614,6,1959,1959,207.0,1,414,864,864,864,1,2.0,4,0,1,288,47,0,1,0,0,0,0,0,1,0,0
2582,5,1979,1979,0.0,1,943,943,943,943,1,1.0,4,2,2,600,27,0,1,0,0,0,0,0,0,1,0
1409,6,1918,1950,0.0,1,0,1163,1163,1674,2,1.0,8,1,2,396,90,1,0,0,0,0,0,0,0,1,0
175,3,1915,1950,0.0,2,0,840,840,1605,2,1.0,8,0,1,379,95,0,1,0,0,0,0,0,0,1,0
352,8,1998,1998,0.0,1,341,1418,1478,1478,2,1.0,5,0,2,495,11,0,0,1,0,0,0,0,0,1,0
976,4,1970,2002,0.0,1,515,630,630,630,1,2.0,3,0,1,286,39,0,1,0,0,0,0,0,0,1,0
2134,7,2003,2003,101.0,2,0,840,840,1668,2,2.0,8,0,2,500,4,0,0,1,0,0,0,0,1,0,0
984,5,1985,1985,0.0,1,625,833,833,833,1,1.0,5,0,0,0,24,0,1,0,0,0,0,0,0,1,0
2396,9,2003,2004,0.0,2,1274,1896,1944,1944,2,3.0,8,3,3,708,3,0,0,1,0,0,0,0,0,1,0
1673,7,1998,1998,182.0,1,584,723,767,767,1,1.0,4,0,1,367,9,0,0,1,0,0,0,0,1,0,0
404,5,1970,1970,312.0,1,765,765,765,1365,1,1.0,7,0,2,440,39,0,1,0,0,0,0,0,0,1,0
607,5,1961,1995,217.0,1,310,1313,1313,1313,1,2.0,6,1,2,610,48,0,1,0,0,0,0,0,1,0,0
814,5,1979,1979,216.0,1,1094,1094,1229,1229,0,2.0,6,2,2,672,30,0,1,0,0,0,0,0,1,0,0
868,7,2002,2002,0.0,2,0,840,840,1725,2,2.0,6,0,2,550,7,0,0,1,0,0,0,0,0,1,0
2271,6,1996,1996,203.0,2,0,1491,1491,1491,2,1.0,7,1,2,571,11,0,0,1,0,0,0,0,1,0,0
1633,7,1984,1984,0.0,2,828,1190,1190,2090,2,2.0,6,1,2,577,23,0,1,0,0,0,0,0,0,1,0
337,5,1985,1986,0.0,1,0,1216,1216,2432,4,1.0,10,0,2,616,25,0,0,1,0,0,0,0,0,1,0
2765,5,1964,1964,621.0,1,812,1624,1582,1582,2,1.0,7,0,2,390,42,0,1,0,0,0,0,1,0,0,0
1746,7,2004,2004,0.0,2,1300,1530,1530,1530,2,2.0,7,1,3,630,3,0,0,1,0,0,0,0,0,1,0
368,8,2008,2008,464.0,2,0,2046,2046,2046,2,2.0,7,1,3,834,1,0,0,1,0,0,0,0,0,0,1
2806,7,2003,2003,0.0,2,1000,1390,1390,1390,2,2.0,7,0,2,545,3,0,0,1,0,0,0,0,0,1,0
1662,6,1974,1974,0.0,1,931,1084,1084,1877,2,1.0,8,1,2,488,33,0,1,0,0,0,0,0,0,1,0
1234,6,1966,1999,410.0,2,575,1104,1104,1988,2,2.0,9,1,2,480,42,0,1,0,0,0,0,0,1,0,0
1373,5,1968,1968,0.0,1,250,952,1211,1211,1,1.0,5,1,1,322,40,0,1,0,0,0,0,0,0,1,0
1672,4,1971,1971,0.0,1,616,864,864,864,1,1.0,5,0,2,528,36,0,0,1,0,0,0,0,0,1,0
1939,5,1955,1955,0.0,1,793,923,925,925,1,1.0,5,2,1,390,52,0,1,0,0,0,0,0,0,1,0
